{"type":"FeatureCollection","features":[{"type":"Feature","geometry":{"type":"Polygon","coordinates":[[[-73.93213,40.72816],[-73.93739,40.72433],[-73.94721,40.71856],[-73.94842,40.71846],[-73.94908,40.72254],[-73.95065,40.72171],[-73.95165,40.72349],[-73.95478,40.72246],[-73.95814,40.7244],[-73.95795,40.72504],[-73.95843,40.7254],[-73.96012,40.72532],[-73.96029,40.72595],[-73.96162,40.72587],[-73.96102,40.7287],[-73.96143,40.73095],[-73.96226,40.73292],[-73.96229,40.73405],[-73.95983,40.73706],[-73.95763,40.73854],[-73.95693,40.73889],[-73.95476,40.73912],[-73.95292,40.73893],[-73.94652,40.73693],[-73.9472,40.73536],[-73.94707,40.7344],[-73.9466,40.73444],[-73.94674,40.73528],[-73.94625,40.73617],[-73.94587,40.7361],[-73.94557,40.73661],[-73.945,40.73644],[-73.94519,40.73548],[-73.94452,40.73628],[-73.94239,40.73543],[-73.94115,40.73415],[-73.93981,40.73115],[-73.9381,40.72973],[-73.93493,40.72854],[-73.93213,40.72816]]]},"properties":{"nta2020":"BK0101","ntaname":"Greenpoint","boroname":"Brooklyn","ntatype":"0"}},{"type":"Feature","geometry":{"type":"Polygon","coordinates":[[[-73.95814,40.7244],[-73.95478,40.72246],[-73.95165,40.72349],[-73.95065,40.72171],[-73.94908,40.72254],[-73.94842,40.71846],[-73.94721,40.71856],[-73.95114,40.71603],[-73.95348,40.71407],[-73.94937,40.71407],[-73.94866,40.70972],[-73.95087,40.70951],[-73.95024,40.70547],[-73.95191,40.70636],[-73.9579,40.70843],[-73.95846,40.70725],[-73.96328,40.70773],[-73.96838,40.70683],[-73.96929,40.70709],[-73.96985,40.708],[-73.96994,40.7093],[-73.96961,40.71027],[-73.97007,40.71045],[-73.96966,40.7105],[-73.96977,40.71078],[-73.96937,40.71102],[-73.96991,40.71127],[-73.96923,40.71124],[-73.96887,40.71258],[-73.96844,40.71294],[-73.96885,40.71321],[-73.96725,40.71699],[-73.96631,40.71832],[-73.96512,40.71923],[-73.9654,40.71962],[-73.96527,40.72012],[-73.96503,40.72038],[-73.96448,40.72004],[-73.96276,40.7224],[-73.96166,40.72486],[-73.96211,40.72515],[-73.96116,40.72526],[-73.95814,40.7244]]]},"properties":{"nta2020":"BK0102","ntaname":"Williamsburg","boroname":"Brooklyn","ntatype":"0"}},{"type":"Feature","geometry":{"type":"Polygon","coordinates":[[[-73.95191,40.70636],[-73.94193,40.70073],[-73.96284,40.69804],[-73.96218,40.70022],[-73.96721,40.70426],[-73.96838,40.70683],[-73.96328,40.70773],[-73.95846,40.70725],[-73.9579,40.70843],[-73.95191,40.70636]]]},"properties":{"nta2020":"BK0103","ntaname":"South Williamsburg","boroname":"Brooklyn","ntatype":"0"}},{"type":"Feature","geometry":{"type":"Polygon","coordinates":[[[-73.92434,40.71412],[-73.92223,40.71286],[-73.92155,40.71104],[-73.92075,40.71053],[-73.92609,40.70568],[-73.93395,40.70267],[-73.94193,40.70073],[-73.95024,40.70547],[-73.95087,40.70951],[-73.94866,40.70972],[-73.94937,40.71407],[-73.95348,40.71407],[-73.94904,40.71743],[-73.94022,40.72289],[-73.93727,40.72441],[-73.93213,40.72816],[-73.92958,40.72761],[-73.92849,40.72661],[-73.92787,40.72585],[-73.9278,40.72493],[-73.92561,40.72006],[-73.92482,40.72027],[-73.92452,40.71955],[-73.92486,40.71844],[-73.92838,40.71758],[-73.92888,40.71772],[-73.92971,40.71705],[-73.92932,40.71611],[-73.92947,40.71572],[-73.93221,40.71496],[-73.93143,40.71438],[-73.93124,40.71372],[-73.93264,40.71305],[-73.93203,40.71159],[-73.93338,40.71123],[-73.93328,40.71098],[-73.9319,40.71134],[-73.93093,40.70917],[-73.93036,40.70872],[-73.93155,40.71186],[-73.93078,40.71216],[-73.93161,40.71204],[-73.93184,40.71263],[-73.93042,40.71317],[-73.93105,40.71461],[-73.93085,40.7149],[-73.92844,40.71553],[-73.92891,40.71662],[-73.92823,40.71711],[-73.92473,40.71794],[-73.9241,40.71767],[-73.92306,40.71634],[-73.92431,40.71585],[-73.92489,40.71527],[-73.92434,40.71412]]]},"properties":{"nta2020":"BK0104","ntaname":"East Williamsburg","boroname":"Brooklyn","ntatype":"0"}},{"type":"Feature","geometry":{"type":"Polygon","coordinates":[[[-73.99047,40.68914],[-74.00174,40.69241],[-73.99941,40.69636],[-73.99947,40.6967],[-73.99887,40.69692],[-73.9975,40.69964],[-73.99716,40.69979],[-73.99724,40.70014],[-73.99505,40.70313],[-73.99261,40.70206],[-73.99087,40.70067],[-73.99143,40.69828],[-73.99128,40.69659],[-73.99044,40.69383],[-73.99097,40.69255],[-73.98893,40.69209],[-73.98922,40.69097],[-73.99047,40.68914]]]},"properties":{"nta2020":"BK0201","ntaname":"Brooklyn Heights","boroname":"Brooklyn","ntatype":"0"}},{"type":"Feature","geometry":{"type":"Polygon","coordinates":[[[-73.97906,40.70595],[-73.97933,40.70475],[-73.98027,40.70304],[-73.98003,40.70214],[-73.9809,40.70186],[-73.9804,40.7007],[-73.98051,40.69745],[-73.98014,40.69471],[-73.97917,40.69349],[-73.98251,40.69361],[-73.98252,40.69298],[-73.98176,40.69296],[-73.98179,40.69164],[-73.98206,40.69131],[-73.9814,40.68993],[-73.98351,40.68992],[-73.98083,40.68886],[-73.97808,40.68491],[-73.97962,40.68249],[-73.98828,40.68587],[-73.98913,40.68459],[-73.99393,40.68645],[-73.99236,40.68969],[-73.99047,40.68914],[-73.98922,40.69097],[-73.98893,40.69209],[-73.99097,40.69255],[-73.99044,40.69383],[-73.99128,40.69659],[-73.99143,40.69828],[-73.99087,40.70067],[-73.99261,40.70206],[-73.99505,40.70313],[-73.99466,40.70343],[-73.995,40.70365],[-73.99478,40.70425],[-73.99213,40.70469],[-73.99186,40.70409],[-73.99095,40.70403],[-73.99023,40.70493],[-73.9883,40.70454],[-73.98829,40.70507],[-73.98796,40.70513],[-73.98653,40.70498],[-73.98643,40.70535],[-73.98344,40.70564],[-73.98093,40.70537],[-73.98091,40.70591],[-73.97906,40.70595]]]},"properties":{"nta2020":"BK0202","ntaname":"Downtown Brooklyn-DUMBO-Boerum Hill","boroname":"Brooklyn","ntatype":"0"}},{"type":"Feature","geometry":{"type":"Polygon","coordinates":[[[-73.96284,40.69804],[-73.96348,40.6968],[-73.96455,40.69611],[-73.96939,40.69608],[-73.96881,40.69312],[-73.96983,40.69313],[-73.9691,40.68947],[-73.97013,40.68951],[-73.96869,40.68201],[-73.97746,40.68405],[-73.98083,40.68886],[-73.98351,40.68992],[-73.9814,40.68993],[-73.98206,40.69131],[-73.98179,40.69164],[-73.98176,40.69296],[-73.98252,40.69298],[-73.98251,40.69361],[-73.97917,40.69349],[-73.98014,40.69471],[-73.98054,40.69825],[-73.96577,40.69764],[-73.96284,40.69804]]]},"properties":{"nta2020":"BK0203","ntaname":"Fort Greene","boroname":"Brooklyn","ntatype":"0"}},{"type":"Feature","geometry":{"type":"Polygon","coordinates":[[[-73.96135,40.68046],[-73.96869,40.68201],[-73.97013,40.68951],[-73.9691,40.68947],[-73.96983,40.69313],[-73.96881,40.69312],[-73.96939,40.69608],[-73.96466,40.69607],[-73.96348,40.6968],[-73.96284,40.69804],[-73.96105,40.69833],[-73.95943,40.69045],[-73.96029,40.69035],[-73.95884,40.68302],[-73.96167,40.68269],[-73.96135,40.68046]]]},"properties":{"nta2020":"BK0204","ntaname":"Clinton Hill","boroname":"Brooklyn","ntatype":"0"}},{"type":"Feature","geometry":{"type":"MultiPolygon","coordinates":[[[[-73.97906,40.70595],[-73.97893,40.70592],[-73.97906,40.70595],[-73.97906,40.70595]]],[[[-73.97232,40.70908],[-73.97026,40.70689],[-73.97049,40.7054],[-73.97017,40.70536],[-73.97018,40.70493],[-73.96752,40.70344],[-73.96748,40.70395],[-73.9693,40.70509],[-73.96929,40.70709],[-73.96838,40.70683],[-73.96721,40.70426],[-73.96218,40.70022],[-73.96284,40.69804],[-73.96577,40.69764],[-73.98054,40.69825],[-73.9804,40.7007],[-73.9809,40.70186],[-73.98003,40.70214],[-73.98027,40.70304],[-73.97912,40.70553],[-73.97887,40.70587],[-73.97893,40.7055],[-73.97864,40.70583],[-73.9787,40.70546],[-73.97847,40.70556],[-73.9784,40.70598],[-73.97885,40.70607],[-73.97834,40.706],[-73.97859,40.70498],[-73.97802,40.70429],[-73.97721,40.70421],[-73.97751,40.7032],[-73.97714,40.70301],[-73.97624,40.70478],[-73.97596,40.70472],[-73.97693,40.7028],[-73.97616,40.70217],[-73.97553,40.70304],[-73.97533,40.70295],[-73.97601,40.70195],[-73.97455,40.70159],[-73.97572,40.69957],[-73.97536,40.69958],[-73.97412,40.70131],[-73.97239,40.70017],[-73.97376,40.70153],[-73.97319,40.70167],[-73.97114,40.69992],[-73.97078,40.69998],[-73.97332,40.70241],[-73.97284,40.70273],[-73.96983,40.70025],[-73.96949,40.70052],[-73.97284,40.70335],[-73.97267,40.7035],[-73.96925,40.70136],[-73.96899,40.70175],[-73.97231,40.70384],[-73.9711,40.70346],[-73.97102,40.70382],[-73.97466,40.70607],[-73.97439,40.70633],[-73.97339,40.70573],[-73.97255,40.7062],[-73.97463,40.70768],[-73.97424,40.70802],[-73.9711,40.70585],[-73.97106,40.70695],[-73.97276,40.70883],[-73.97232,40.70908]]]]},"properties":{"nta2020":"BK0261","ntaname":"Brooklyn Navy Yard","boroname":"Brooklyn","ntatype":"6"}},{"type":"Feature","geometry":{"type":"Polygon","coordinates":[[[-73.94414,40.67824],[-73.95205,40.67867],[-73.96135,40.68046],[-73.96167,40.68269],[-73.95884,40.68302],[-73.96029,40.69035],[-73.95943,40.69045],[-73.96105,40.69833],[-73.94439,40.70042],[-73.94033,40.67989],[-73.94397,40.68009],[-73.94414,40.67824]]]},"properties":{"nta2020":"BK0301","ntaname":"Bedford-Stuyvesant (West)","boroname":"Brooklyn","ntatype":"0"}},{"type":"Feature","geometry":{"type":"Polygon","coordinates":[[[-73.94193,40.70073],[-73.91805,40.68721],[-73.9163,40.67858],[-73.92165,40.67887],[-73.92182,40.67702],[-73.94414,40.67824],[-73.94397,40.68009],[-73.94033,40.67989],[-73.94439,40.70042],[-73.94193,40.70073]]]},"properties":{"nta2020":"BK0302","ntaname":"Bedford-Stuyvesant (East)","boroname":"Brooklyn","ntatype":"0"}},{"type":"Feature","geometry":{"type":"Polygon","coordinates":[[[-73.91142,40.70149],[-73.91406,40.69884],[-73.91632,40.70012],[-73.91932,40.69706],[-73.92082,40.69792],[-73.92425,40.69443],[-73.9265,40.69571],[-73.9275,40.6947],[-73.92648,40.69414],[-73.92778,40.69276],[-73.94193,40.70073],[-73.93395,40.70267],[-73.92609,40.70568],[-73.92189,40.7094],[-73.91181,40.70343],[-73.9129,40.70236],[-73.91142,40.70149]]]},"properties":{"nta2020":"BK0401","ntaname":"Bushwick (West)","boroname":"Brooklyn","ntatype":"0"}},{"type":"Feature","geometry":{"type":"Polygon","coordinates":[[[-73.9014,40.69159],[-73.90488,40.68774],[-73.90534,40.68682],[-73.90449,40.6863],[-73.90576,40.684],[-73.90281,40.68234],[-73.90286,40.68094],[-73.90262,40.68066],[-73.90405,40.67922],[-73.92778,40.69276],[-73.92648,40.69414],[-73.9275,40.6947],[-73.9265,40.69571],[-73.92425,40.69443],[-73.92082,40.69792],[-73.91932,40.69706],[-73.91632,40.70012],[-73.91406,40.69884],[-73.91142,40.70149],[-73.91068,40.70105],[-73.91181,40.69995],[-73.90426,40.6957],[-73.9058,40.69413],[-73.9014,40.69159]]]},"properties":{"nta2020":"BK0402","ntaname":"Bushwick (East)","boroname":"Brooklyn","ntatype":"0"}},{"type":"Feature","geometry":{"type":"Polygon","coordinates":[[[-73.89653,40.6824],[-73.89687,40.68088],[-73.89749,40.68007],[-73.90025,40.67942],[-73.90262,40.68066],[-73.90286,40.68094],[-73.90281,40.68234],[-73.90576,40.684],[-73.90449,40.6863],[-73.90534,40.68682],[-73.90502,40.68752],[-73.90189,40.69108],[-73.90042,40.68818],[-73.90116,40.68788],[-73.89653,40.6824]]]},"properties":{"nta2020":"BK0471","ntaname":"The Evergreens Cemetery","boroname":"Brooklyn","ntatype":"7"}},{"type":"Feature","geometry":{"type":"Polygon","coordinates":[[[-73.8663,40.68319],[-73.87156,40.68168],[-73.8712,40.68022],[-73.87328,40.67992],[-73.87359,40.68109],[-73.88106,40.67898],[-73.88051,40.67677],[-73.88826,40.67562],[-73.88901,40.67856],[-73.89622,40.67736],[-73.89654,40.67859],[-73.90005,40.67689],[-73.90405,40.67922],[-73.90262,40.68066],[-73.90025,40.67942],[-73.89749,40.68007],[-73.89687,40.68088],[-73.89653,40.6824],[-73.89417,40.68528],[-73.89258,40.68349],[-73.89015,40.685],[-73.88892,40.68313],[-73.88819,40.68256],[-73.8726,40.68992],[-73.86806,40.69118],[-73.8663,40.68319]]]},"properties":{"nta2020":"BK0501","ntaname":"Cypress Hills","boroname":"Brooklyn","ntatype":"0"}},{"type":"Feature","geometry":{"type":"Polygon","coordinates":[[[-73.87423,40.67086],[-73.87887,40.67019],[-73.87849,40.66865],[-73.90085,40.66535],[-73.90347,40.67551],[-73.89654,40.67859],[-73.89622,40.67736],[-73.88901,40.67856],[-73.88826,40.67562],[-73.88051,40.67677],[-73.88106,40.67898],[-73.87657,40.68017],[-73.87423,40.67086]]]},"properties":{"nta2020":"BK0502","ntaname":"East New York (North)","boroname":"Brooklyn","ntatype":"0"}},{"type":"Feature","geometry":{"type":"Polygon","coordinates":[[[-73.86718,40.66045],[-73.86916,40.66012],[-73.89001,40.65115],[-73.89176,40.6528],[-73.89355,40.6552],[-73.89761,40.65345],[-73.89586,40.65188],[-73.90398,40.64663],[-73.90945,40.65152],[-73.9074,40.65284],[-73.90784,40.65459],[-73.90318,40.65531],[-73.90049,40.65715],[-73.89879,40.65741],[-73.89965,40.66074],[-73.90066,40.66059],[-73.90145,40.66366],[-73.90043,40.66381],[-73.90085,40.66535],[-73.87849,40.66865],[-73.87887,40.67019],[-73.87423,40.67086],[-73.87388,40.66945],[-73.86718,40.66045]]]},"properties":{"nta2020":"BK0503","ntaname":"East New York-New Lots","boroname":"Brooklyn","ntatype":"0"}},{"type":"Feature","geometry":{"type":"MultiPolygon","coordinates":[[[[-73.88829,40.64672],[-73.88864,40.64708],[-73.88852,40.64736],[-73.8882,40.64714],[-73.88829,40.64672]]],[[[-73.86054,40.65462],[-73.8701,40.6493],[-73.87343,40.64678],[-73.87922,40.65459],[-73.87964,40.6545],[-73.87386,40.64631],[-73.87569,40.64395],[-73.87835,40.63887],[-73.88048,40.64098],[-73.88074,40.64157],[-73.88029,40.6414],[-73.88007,40.642],[-73.88139,40.64235],[-73.88224,40.64345],[-73.88215,40.64374],[-73.88342,40.64452],[-73.88481,40.64395],[-73.88558,40.64404],[-73.88743,40.64594],[-73.88764,40.6478],[-73.88864,40.64802],[-73.89007,40.64932],[-73.89034,40.64935],[-73.89014,40.64917],[-73.89035,40.64903],[-73.89125,40.65003],[-73.88959,40.65134],[-73.86847,40.66029],[-73.86718,40.66045],[-73.86386,40.65606],[-73.86244,40.65529],[-73.86087,40.65508],[-73.86054,40.65462]]]]},"properties":{"nta2020":"BK0504","ntaname":"Spring Creek-Starrett City","boroname":"Brooklyn","ntatype":"0"}},{"type":"Feature","geometry":{"type":"Polygon","coordinates":[[[-73.8641,40.68237],[-73.86328,40.67908],[-73.86235,40.67916],[-73.86039,40.67125],[-73.85763,40.67166],[-73.85568,40.66387],[-73.85843,40.66345],[-73.85762,40.66012],[-73.8603,40.65963],[-73.86317,40.65828],[-73.8627,40.65762],[-73.86328,40.65694],[-73.86305,40.65611],[-73.86264,40.65567],[-73.86087,40.65508],[-73.86244,40.65529],[-73.86404,40.65624],[-73.87388,40.66945],[-73.87657,40.68017],[-73.87745,40.67993],[-73.87359,40.68109],[-73.87328,40.67992],[-73.8712,40.68022],[-73.87156,40.68168],[-73.8663,40.68319],[-73.86602,40.68192],[-73.8641,40.68237]]]},"properties":{"nta2020":"BK0505","ntaname":"East New York-City Line","boroname":"Brooklyn","ntatype":"0"}},{"type":"Feature","geometry":{"type":"Polygon","coordinates":[[[-73.86841,40.69473],[-73.86868,40.69403],[-73.86806,40.69118],[-73.8726,40.68992],[-73.88819,40.68256],[-73.88963,40.68424],[-73.88808,40.68529],[-73.88452,40.68668],[-73.88378,40.68786],[-73.87951,40.69115],[-73.87402,40.69419],[-73.86892,40.69515],[-73.86841,40.69473]]]},"properties":{"nta2020":"BK0571","ntaname":"Highland Park-Cypress Hills Cemeteries (South)","boroname":"Brooklyn","ntatype":"7"}},{"type":"Feature","geometry":{"type":"Polygon","coordinates":[[[-73.99236,40.68969],[-73.99393,40.68645],[-73.98913,40.68459],[-73.98828,40.68587],[-73.97962,40.68249],[-73.9839,40.67615],[-73.99277,40.66551],[-73.9947,40.66667],[-73.99598,40.668],[-73.99855,40.67193],[-74.0003,40.66872],[-74.00106,40.66895],[-74.00142,40.66836],[-74.00222,40.66858],[-74.00289,40.66735],[-74.00586,40.66799],[-74.00684,40.66606],[-74.00696,40.66605],[-74.00475,40.67072],[-74.00544,40.67092],[-74.00755,40.66705],[-74.0078,40.66716],[-74.00709,40.66859],[-74.00985,40.66852],[-74.01154,40.66509],[-74.01575,40.66457],[-74.01744,40.66527],[-74.01789,40.66585],[-74.01876,40.67108],[-74.01934,40.67162],[-74.01751,40.67103],[-74.01649,40.66493],[-74.01603,40.66486],[-74.01594,40.66547],[-74.01228,40.66573],[-74.01088,40.6686],[-74.01036,40.66864],[-74.01034,40.66908],[-74.01091,40.66919],[-74.01087,40.66971],[-74.01154,40.66978],[-74.01163,40.67058],[-74.01425,40.66973],[-74.01175,40.67066],[-74.01427,40.67138],[-74.0152,40.67075],[-74.01387,40.67188],[-74.01423,40.67213],[-74.01569,40.67104],[-74.01298,40.67333],[-74.01336,40.67359],[-74.01512,40.67216],[-74.01632,40.67291],[-74.01458,40.67441],[-74.01496,40.67468],[-74.01817,40.67194],[-74.0188,40.67225],[-74.01727,40.67361],[-74.01775,40.67405],[-74.01801,40.67391],[-74.0178,40.6741],[-74.01818,40.67446],[-74.01783,40.67526],[-74.0183,40.67546],[-74.01839,40.6751],[-74.01889,40.67509],[-74.01841,40.67552],[-74.0185,40.67584],[-74.01802,40.67588],[-74.01792,40.67651],[-74.01977,40.67661],[-74.01995,40.6771],[-74.01908,40.67714],[-74.01918,40.67783],[-74.01843,40.67791],[-74.01841,40.67841],[-74.01966,40.67839],[-74.01827,40.67855],[-74.01858,40.67898],[-74.01954,40.67897],[-74.01928,40.67965],[-74.01282,40.68362],[-74.01213,40.68291],[-74.01411,40.68171],[-74.01361,40.68122],[-74.01387,40.68101],[-74.01302,40.68041],[-74.00967,40.68327],[-74.01077,40.68436],[-74.01193,40.68389],[-74.00798,40.68628],[-74.00702,40.68653],[-74.00588,40.6862],[-74.00298,40.69043],[-74.00096,40.69013],[-74.0007,40.69061],[-74.00197,40.69184],[-74.00162,40.69255],[-73.99992,40.69177],[-73.99236,40.68969]]]},"properties":{"nta2020":"BK0601","ntaname":"Carroll Gardens-Cobble Hill-Gowanus-Red Hook","boroname":"Brooklyn","ntatype":"0"}},{"type":"Feature","geometry":{"type":"Polygon","coordinates":[[[-73.97376,40.68305],[-73.97469,40.68027],[-73.97618,40.67806],[-73.97189,40.67639],[-73.9695,40.67591],[-73.96969,40.67536],[-73.96884,40.67441],[-73.96877,40.67333],[-73.96894,40.67289],[-73.97041,40.67265],[-73.97965,40.66124],[-73.98017,40.66115],[-73.99173,40.66674],[-73.9839,40.67615],[-73.97808,40.68491],[-73.97746,40.68405],[-73.97376,40.68305]]]},"properties":{"nta2020":"BK0602","ntaname":"Park Slope","boroname":"Brooklyn","ntatype":"0"}},{"type":"Feature","geometry":{"type":"Polygon","coordinates":[[[-73.98017,40.66115],[-73.98,40.66076],[-73.97958,40.66085],[-73.97437,40.65819],[-73.97233,40.6514],[-73.97269,40.65097],[-73.97209,40.65066],[-73.9714,40.64826],[-73.97327,40.64758],[-73.97527,40.64783],[-73.98029,40.6473],[-73.9818,40.65525],[-73.98843,40.65925],[-73.98725,40.66038],[-73.98872,40.6624],[-73.98832,40.66279],[-73.99277,40.66551],[-73.99173,40.66674],[-73.98017,40.66115]]]},"properties":{"nta2020":"BK0701","ntaname":"Windsor Terrace-South Slope","boroname":"Brooklyn","ntatype":"0"}},{"type":"Feature","geometry":{"type":"Polygon","coordinates":[[[-73.9947,40.66667],[-73.98832,40.66279],[-73.98872,40.6624],[-73.98725,40.66038],[-73.99019,40.6576],[-73.99238,40.6589],[-73.99296,40.65834],[-73.99517,40.65967],[-74.01617,40.63948],[-74.01843,40.64084],[-74.02109,40.63826],[-74.02185,40.63982],[-74.02111,40.64151],[-74.02322,40.6399],[-74.02475,40.63812],[-74.02695,40.63945],[-74.02624,40.64013],[-74.0289,40.64121],[-74.02906,40.64173],[-74.02983,40.64232],[-74.03254,40.64383],[-74.03227,40.64407],[-74.0319,40.64389],[-74.03052,40.64527],[-74.02908,40.6444],[-74.02915,40.64458],[-74.02886,40.64487],[-74.02909,40.64458],[-74.0285,40.64418],[-74.02819,40.64441],[-74.02846,40.64416],[-74.02821,40.64402],[-74.02605,40.64626],[-74.02974,40.64849],[-74.02939,40.6488],[-74.02572,40.64662],[-74.02538,40.64691],[-74.02507,40.64673],[-74.02435,40.6474],[-74.02415,40.64762],[-74.02513,40.64832],[-74.02497,40.64861],[-74.02554,40.64978],[-74.02484,40.6506],[-74.02605,40.65099],[-74.02553,40.65148],[-74.02477,40.65069],[-74.02424,40.65113],[-74.02542,40.65193],[-74.02418,40.65119],[-74.02285,40.65117],[-74.02537,40.65272],[-74.02154,40.65067],[-74.02125,40.65083],[-74.02105,40.6511],[-74.02234,40.65191],[-74.0209,40.65125],[-74.02381,40.65304],[-74.02359,40.65322],[-74.02196,40.65222],[-74.02119,40.65284],[-74.0232,40.6541],[-74.02163,40.65365],[-74.02115,40.65421],[-74.02182,40.65466],[-74.02164,40.65488],[-74.02047,40.65422],[-74.01919,40.65402],[-74.01873,40.65347],[-74.01812,40.65389],[-74.02026,40.65512],[-74.02005,40.65534],[-74.01787,40.65406],[-74.01715,40.65478],[-74.0198,40.65649],[-74.01727,40.65519],[-74.01692,40.65548],[-74.01665,40.65534],[-74.01639,40.65562],[-74.01911,40.65737],[-74.01861,40.65785],[-74.01585,40.65621],[-74.01544,40.65663],[-74.01774,40.6581],[-74.01769,40.65845],[-74.01505,40.65695],[-74.01442,40.65761],[-74.01746,40.65945],[-74.01554,40.66076],[-74.01184,40.65891],[-74.01111,40.65971],[-74.01402,40.66153],[-74.01265,40.66198],[-74.0086,40.65952],[-74.00746,40.66056],[-74.01037,40.6624],[-74.01046,40.66264],[-74.00955,40.66327],[-74.00868,40.66337],[-74.00616,40.66185],[-74.00569,40.66227],[-74.00428,40.66144],[-74.00623,40.66279],[-74.00592,40.66311],[-74.00381,40.66191],[-74.00349,40.66224],[-74.00455,40.66282],[-74.00473,40.6625],[-74.00536,40.66287],[-74.00497,40.66307],[-74.00519,40.6632],[-74.00538,40.66288],[-74.006,40.66326],[-74.00561,40.66346],[-74.00772,40.66472],[-74.00731,40.6646],[-74.00713,40.66492],[-74.00652,40.66455],[-74.00688,40.66434],[-74.00663,40.66419],[-74.00645,40.66451],[-74.00584,40.66414],[-74.00605,40.66384],[-74.00576,40.66392],[-74.00564,40.66453],[-74.00565,40.6639],[-74.00363,40.66273],[-74.0034,40.66299],[-74.00459,40.66374],[-74.00432,40.66405],[-74.00528,40.66466],[-74.00486,40.66506],[-74.00114,40.6629],[-74.00083,40.66301],[-73.99953,40.6644],[-74.00292,40.66646],[-74.00162,40.66677],[-74.00121,40.66702],[-74.00146,40.66717],[-74.00069,40.66755],[-73.99998,40.66745],[-73.99903,40.66844],[-73.99903,40.66901],[-73.99924,40.66831],[-73.99908,40.66904],[-73.99866,40.66951],[-73.99892,40.6698],[-73.99855,40.67193],[-73.99598,40.668],[-73.9947,40.66667]]]},"properties":{"nta2020":"BK0702","ntaname":"Sunset Park (West)","boroname":"Brooklyn","ntatype":"0"}},{"type":"Feature","geometry":{"type":"Polygon","coordinates":[[[-73.99605,40.64834],[-74.00956,40.63549],[-74.00556,40.63308],[-74.00702,40.63211],[-74.01074,40.63436],[-74.01191,40.63323],[-74.01629,40.63591],[-74.01677,40.63544],[-74.02109,40.63826],[-74.01843,40.64084],[-74.01617,40.63948],[-74.00217,40.65295],[-73.99779,40.65029],[-73.99831,40.64974],[-73.99605,40.64834]]]},"properties":{"nta2020":"BK0703","ntaname":"Sunset Park (Central)","boroname":"Brooklyn","ntatype":"0"}},{"type":"Feature","geometry":{"type":"Polygon","coordinates":[[[-73.98843,40.65925],[-73.9818,40.65525],[-73.98029,40.6473],[-73.98181,40.64713],[-73.98906,40.64412],[-73.99831,40.64974],[-73.99779,40.65029],[-74.00217,40.65295],[-73.99517,40.65967],[-73.99296,40.65834],[-73.99238,40.6589],[-73.99019,40.6576],[-73.98843,40.65925]]]},"properties":{"nta2020":"BK0771","ntaname":"Green-Wood Cemetery","boroname":"Brooklyn","ntatype":"7"}},{"type":"Feature","geometry":{"type":"Polygon","coordinates":[[[-73.96007,40.67486],[-73.96134,40.67136],[-73.96713,40.6728],[-73.96894,40.67289],[-73.96874,40.67409],[-73.96969,40.67536],[-73.9695,40.67591],[-73.97189,40.67639],[-73.97618,40.67806],[-73.97469,40.68027],[-73.97376,40.68305],[-73.96135,40.68046],[-73.96318,40.67553],[-73.96007,40.67486]]]},"properties":{"nta2020":"BK0801","ntaname":"Prospect Heights","boroname":"Brooklyn","ntatype":"0"}},{"type":"Feature","geometry":{"type":"Polygon","coordinates":[[[-73.95205,40.67867],[-73.92182,40.67702],[-73.92275,40.6671],[-73.92424,40.66645],[-73.92553,40.6685],[-73.95527,40.67012],[-73.96134,40.67136],[-73.96007,40.67486],[-73.96318,40.67553],[-73.96135,40.68046],[-73.95205,40.67867]]]},"properties":{"nta2020":"BK0802","ntaname":"Crown Heights (North)","boroname":"Brooklyn","ntatype":"0"}},{"type":"Feature","geometry":{"type":"Polygon","coordinates":[[[-73.92424,40.66645],[-73.92546,40.66592],[-73.92872,40.6645],[-73.92835,40.66865],[-73.92553,40.6685],[-73.92424,40.66645]]]},"properties":{"nta2020":"BK0891","ntaname":"Lincoln Terrace Park","boroname":"Brooklyn","ntatype":"9"}},{"type":"Feature","geometry":{"type":"Polygon","coordinates":[[[-73.96257,40.67162],[-73.95527,40.67012],[-73.92835,40.66865],[-73.92872,40.6645],[-73.93068,40.66362],[-73.94283,40.66285],[-73.9427,40.66406],[-73.94546,40.66423],[-73.95721,40.66352],[-73.95729,40.6643],[-73.95808,40.66426],[-73.96034,40.66411],[-73.96062,40.6633],[-73.96096,40.66329],[-73.96257,40.67162]]]},"properties":{"nta2020":"BK0901","ntaname":"Crown Heights (South)","boroname":"Brooklyn","ntatype":"0"}},{"type":"Feature","geometry":{"type":"Polygon","coordinates":[[[-73.93161,40.66356],[-73.93133,40.66059],[-73.93423,40.66042],[-73.934,40.65812],[-73.93108,40.6583],[-73.9309,40.65661],[-73.95007,40.65542],[-73.95016,40.65626],[-73.95639,40.65587],[-73.9563,40.65505],[-73.9597,40.65484],[-73.95986,40.65563],[-73.96188,40.65488],[-73.96308,40.66213],[-73.96225,40.6632],[-73.96062,40.6633],[-73.96034,40.66411],[-73.95729,40.6643],[-73.95721,40.66352],[-73.94546,40.66423],[-73.9427,40.66406],[-73.94283,40.66285],[-73.93161,40.66356]]]},"properties":{"nta2020":"BK0902","ntaname":"Prospect Lefferts Gardens-Wingate","boroname":"Brooklyn","ntatype":"0"}},{"type":"Feature","geometry":{"type":"Polygon","coordinates":[[[-74.03264,40.64379],[-74.02983,40.64232],[-74.02906,40.64173],[-74.0289,40.64121],[-74.02624,40.64013],[-74.02695,40.63945],[-74.02475,40.63812],[-74.02322,40.6399],[-74.02111,40.64151],[-74.02185,40.63982],[-74.02128,40.63849],[-74.01677,40.63544],[-74.01615,40.63467],[-74.01586,40.63339],[-74.01515,40.63322],[-74.0197,40.62218],[-74.02009,40.62242],[-74.02042,40.62216],[-74.02288,40.61947],[-74.02122,40.61847],[-74.02478,40.6097],[-74.02711,40.61024],[-74.02638,40.61245],[-74.02754,40.61294],[-74.02575,40.61606],[-74.02629,40.61633],[-74.03145,40.61112],[-74.03315,40.61023],[-74.03604,40.6093],[-74.03696,40.61126],[-74.03903,40.61316],[-74.04013,40.61479],[-74.0416,40.62046],[-74.04189,40.62432],[-74.04106,40.63019],[-74.03681,40.63898],[-74.03876,40.63959],[-74.03672,40.63914],[-74.03571,40.64064],[-74.0367,40.64169],[-74.03407,40.64431],[-74.03288,40.64358],[-74.03264,40.64379]]]},"properties":{"nta2020":"BK1001","ntaname":"Bay Ridge","boroname":"Brooklyn","ntatype":"0"}},{"type":"Feature","geometry":{"type":"Polygon","coordinates":[[[-74.01074,40.63436],[-74.00193,40.62903],[-74.00251,40.62847],[-73.99724,40.62529],[-73.99771,40.62368],[-73.99932,40.62466],[-74.01171,40.61274],[-74.02288,40.61947],[-74.02042,40.62216],[-74.02009,40.62242],[-74.0197,40.62218],[-74.01542,40.63251],[-74.01515,40.63322],[-74.01586,40.63339],[-74.01615,40.63467],[-74.01677,40.63544],[-74.01629,40.63591],[-74.01191,40.63323],[-74.01074,40.63436]]]},"properties":{"nta2020":"BK1002","ntaname":"Dyker Heights","boroname":"Brooklyn","ntatype":"0"}},{"type":"Feature","geometry":{"type":"Polygon","coordinates":[[[-74.02478,40.6097],[-74.02151,40.60782],[-74.02248,40.60667],[-74.02079,40.60567],[-74.02144,40.60442],[-74.01871,40.60358],[-74.01943,40.60287],[-74.02102,40.60356],[-74.03005,40.60476],[-74.03271,40.60633],[-74.03487,40.60858],[-74.03604,40.6093],[-74.03315,40.61023],[-74.03145,40.61112],[-74.02629,40.61633],[-74.02575,40.61606],[-74.02754,40.61294],[-74.02638,40.61245],[-74.02711,40.61024],[-74.02478,40.6097]]]},"properties":{"nta2020":"BK1061","ntaname":"Fort Hamilton","boroname":"Brooklyn","ntatype":"6"}},{"type":"Feature","geometry":{"type":"Polygon","coordinates":[[[-74.01171,40.61274],[-74.01702,40.60765],[-74.0155,40.60684],[-74.01871,40.60358],[-74.02144,40.60442],[-74.02079,40.60567],[-74.02248,40.60667],[-74.02151,40.60782],[-74.02478,40.6097],[-74.02122,40.61847],[-74.01171,40.61274]]]},"properties":{"nta2020":"BK1091","ntaname":"Dyker Beach Park","boroname":"Brooklyn","ntatype":"9"}},{"type":"Feature","geometry":{"type":"Polygon","coordinates":[[[-73.99679,40.62683],[-73.98569,40.62013],[-73.98628,40.61957],[-73.97478,40.61264],[-73.97403,40.6087],[-73.98842,40.60712],[-73.98913,40.60646],[-73.98685,40.6051],[-73.98869,40.60343],[-73.99087,40.60477],[-73.99559,40.60023],[-74.00002,40.60291],[-74.00032,40.60262],[-74.00493,40.60507],[-74.00094,40.60864],[-74.0105,40.6139],[-73.99932,40.62466],[-73.99771,40.62368],[-73.99679,40.62683]]]},"properties":{"nta2020":"BK1101","ntaname":"Bensonhurst","boroname":"Brooklyn","ntatype":"0"}},{"type":"Feature","geometry":{"type":"Polygon","coordinates":[[[-73.99559,40.60023],[-74.00204,40.59406],[-74.00335,40.59573],[-74.00512,40.59722],[-74.01041,40.60048],[-74.01473,40.60207],[-74.01832,40.60242],[-74.01943,40.60287],[-74.0155,40.60684],[-74.01702,40.60765],[-74.0105,40.6139],[-74.00094,40.60864],[-74.00493,40.60507],[-74.00032,40.60262],[-74.00002,40.60291],[-73.99559,40.60023]]]},"properties":{"nta2020":"BK1102","ntaname":"Bath Beach","boroname":"Brooklyn","ntatype":"0"}},{"type":"Feature","geometry":{"type":"Polygon","coordinates":[[[-73.97995,40.59407],[-73.98464,40.59355],[-73.98602,40.59445],[-73.98962,40.59098],[-73.99036,40.59143],[-73.99154,40.59039],[-73.99331,40.58958],[-73.99376,40.59033],[-73.99793,40.5884],[-73.99867,40.5892],[-73.99924,40.58894],[-73.99946,40.58923],[-73.99838,40.58977],[-73.99884,40.58963],[-73.99844,40.58986],[-73.99878,40.59031],[-73.99844,40.59024],[-73.99711,40.59128],[-73.99719,40.59161],[-73.99806,40.59121],[-73.99728,40.59171],[-73.99755,40.59192],[-73.99946,40.5911],[-74.00023,40.59148],[-73.99903,40.59231],[-73.99948,40.59297],[-73.99839,40.59353],[-74.0011,40.59252],[-74.00204,40.59406],[-73.99087,40.60477],[-73.98869,40.60343],[-73.98685,40.6051],[-73.98913,40.60646],[-73.98842,40.60712],[-73.97299,40.60881],[-73.97218,40.60419],[-73.97291,40.59932],[-73.97191,40.59942],[-73.97148,40.59717],[-73.98036,40.59619],[-73.97995,40.59407]]]},"properties":{"nta2020":"BK1103","ntaname":"Gravesend (West)","boroname":"Brooklyn","ntatype":"0"}},{"type":"Feature","geometry":{"type":"Polygon","coordinates":[[[-73.98906,40.64412],[-74.00556,40.63308],[-74.00956,40.63549],[-73.99605,40.64834],[-73.98906,40.64412]]]},"properties":{"nta2020":"BK1201","ntaname":"Sunset Park (East)-Borough Park (West)","boroname":"Brooklyn","ntatype":"0"}},{"type":"Feature","geometry":{"type":"Polygon","coordinates":[[[-73.97605,40.63128],[-73.97717,40.63075],[-73.97658,40.62757],[-73.97752,40.62798],[-73.98214,40.62353],[-73.9844,40.62489],[-73.9861,40.62318],[-73.9883,40.62451],[-73.99009,40.62279],[-73.99679,40.62683],[-73.99724,40.62529],[-74.00251,40.62847],[-74.00193,40.62903],[-74.00702,40.63211],[-73.98835,40.64456],[-73.98299,40.64132],[-73.98042,40.64239],[-73.97911,40.63544],[-73.97689,40.63567],[-73.97605,40.63128]]]},"properties":{"nta2020":"BK1202","ntaname":"Borough Park","boroname":"Brooklyn","ntatype":"0"}},{"type":"Feature","geometry":{"type":"Polygon","coordinates":[[[-73.97605,40.63128],[-73.97689,40.63567],[-73.97911,40.63544],[-73.98042,40.64239],[-73.98299,40.64132],[-73.98835,40.64456],[-73.98181,40.64713],[-73.97527,40.64783],[-73.97327,40.64758],[-73.9714,40.64826],[-73.96804,40.63665],[-73.97029,40.63641],[-73.96987,40.63419],[-73.97605,40.63128]]]},"properties":{"nta2020":"BK1203","ntaname":"Kensington","boroname":"Brooklyn","ntatype":"0"}},{"type":"Feature","geometry":{"type":"Polygon","coordinates":[[[-73.96286,40.61255],[-73.96478,40.61233],[-73.9643,40.60978],[-73.97403,40.6087],[-73.97478,40.61264],[-73.98628,40.61957],[-73.98569,40.62013],[-73.99009,40.62279],[-73.9883,40.62451],[-73.9861,40.62318],[-73.9844,40.62489],[-73.98214,40.62353],[-73.97752,40.62798],[-73.97658,40.62757],[-73.97623,40.62598],[-73.97092,40.62657],[-73.97137,40.62893],[-73.96608,40.62954],[-73.96286,40.61255]]]},"properties":{"nta2020":"BK1204","ntaname":"Mapleton-Midwood (West)","boroname":"Brooklyn","ntatype":"0"}},{"type":"Feature","geometry":{"type":"Polygon","coordinates":[[[-73.98071,40.594],[-73.9777,40.59219],[-73.97751,40.59114],[-73.97557,40.58995],[-73.96068,40.5916],[-73.96026,40.58503],[-73.96786,40.58451],[-73.969,40.58406],[-73.97743,40.58291],[-73.98482,40.58417],[-73.98493,40.5846],[-73.9871,40.58464],[-73.98654,40.58366],[-73.9883,40.58347],[-73.98882,40.58437],[-73.99154,40.58647],[-73.99259,40.58811],[-73.99809,40.58536],[-73.99971,40.58569],[-73.99936,40.58638],[-73.99815,40.58653],[-73.99417,40.58838],[-73.99566,40.58794],[-73.99408,40.58869],[-73.99422,40.58887],[-73.99796,40.58727],[-73.99488,40.58877],[-73.99535,40.58933],[-74.00011,40.58695],[-74.00011,40.58656],[-74.00043,40.58654],[-74.00038,40.58713],[-73.99376,40.59033],[-73.99331,40.58958],[-73.99154,40.59039],[-73.99036,40.59143],[-73.98962,40.59098],[-73.98602,40.59445],[-73.98464,40.59355],[-73.98071,40.594]]]},"properties":{"nta2020":"BK1301","ntaname":"Gravesend (South)","boroname":"Brooklyn","ntatype":"0"}},{"type":"Feature","geometry":{"type":"Polygon","coordinates":[[[-73.96662,40.58457],[-73.96889,40.57526],[-73.96575,40.57479],[-73.95942,40.57518],[-73.95939,40.57391],[-73.9672,40.57333],[-73.96743,40.57299],[-73.96839,40.57315],[-73.96945,40.57286],[-73.96925,40.5723],[-73.96956,40.57281],[-73.97085,40.57277],[-73.97135,40.5726],[-73.97118,40.57194],[-73.97161,40.57263],[-73.9725,40.57258],[-73.97335,40.57232],[-73.97325,40.57163],[-73.97345,40.57227],[-73.97373,40.57229],[-73.97547,40.57197],[-73.97541,40.57142],[-73.97593,40.57202],[-73.97727,40.57186],[-73.97766,40.57173],[-73.97767,40.57117],[-73.97808,40.57123],[-73.97772,40.57125],[-73.97781,40.57176],[-73.97845,40.57189],[-73.97985,40.57154],[-73.97943,40.57122],[-73.98021,40.57173],[-73.98204,40.57148],[-73.98157,40.57125],[-73.98226,40.57157],[-73.98367,40.57141],[-73.9834,40.57017],[-73.98304,40.57015],[-73.98339,40.57009],[-73.98336,40.56953],[-73.98349,40.57009],[-73.98384,40.57011],[-73.98349,40.57016],[-73.98376,40.5714],[-73.99026,40.57071],[-73.99077,40.5706],[-73.99079,40.57025],[-73.99086,40.5706],[-73.99119,40.57061],[-73.99298,40.5702],[-73.99494,40.57035],[-73.99519,40.57002],[-73.99529,40.57032],[-73.99737,40.57014],[-73.99847,40.5705],[-74.00078,40.57049],[-74.00201,40.57021],[-74.00209,40.56959],[-74.00249,40.57174],[-74.0048,40.57288],[-74.01116,40.57417],[-74.01202,40.57489],[-74.01302,40.5778],[-74.01235,40.57922],[-74.01148,40.58008],[-74.00745,40.5818],[-74.00605,40.58198],[-74.00056,40.5813],[-73.99818,40.58173],[-73.99776,40.58145],[-73.99772,40.58071],[-73.99183,40.57925],[-73.99036,40.57942],[-73.98843,40.57882],[-73.98739,40.57909],[-73.9867,40.57981],[-73.98702,40.58002],[-73.98589,40.58114],[-73.98605,40.58172],[-73.98684,40.58123],[-73.98804,40.57963],[-73.98996,40.58066],[-73.9883,40.58347],[-73.98654,40.58366],[-73.9871,40.58464],[-73.98493,40.5846],[-73.98482,40.58417],[-73.97743,40.58291],[-73.97468,40.58312],[-73.96662,40.58457]]]},"properties":{"nta2020":"BK1302","ntaname":"Coney Island-Sea Gate","boroname":"Brooklyn","ntatype":"0"}},{"type":"Feature","geometry":{"type":"Polygon","coordinates":[[[-73.9524,40.57425],[-73.95408,40.57407],[-73.95413,40.57433],[-73.95569,40.57433],[-73.95635,40.57421],[-73.95635,40.5738],[-73.95657,40.57417],[-73.95843,40.57409],[-73.95897,40.57395],[-73.95899,40.57343],[-73.95907,40.57385],[-73.95939,40.57391],[-73.95942,40.57518],[-73.96575,40.57479],[-73.96889,40.57526],[-73.96662,40.58457],[-73.96026,40.58503],[-73.96005,40.58327],[-73.95911,40.58286],[-73.95723,40.58315],[-73.95646,40.58266],[-73.95414,40.58311],[-73.9524,40.57425]]]},"properties":{"nta2020":"BK1303","ntaname":"Brighton Beach","boroname":"Brooklyn","ntatype":"0"}},{"type":"Feature","geometry":{"type":"Polygon","coordinates":[[[-73.98996,40.58066],[-73.99163,40.58108],[-73.99186,40.58162],[-73.99026,40.58462],[-73.99606,40.58213],[-74.00018,40.58307],[-74.00044,40.58405],[-73.99879,40.58515],[-73.99259,40.58811],[-73.99133,40.58625],[-73.98882,40.58437],[-73.98833,40.58366],[-73.98996,40.58066]]]},"properties":{"nta2020":"BK1391","ntaname":"Calvert Vaux Park","boroname":"Brooklyn","ntatype":"9"}},{"type":"Feature","geometry":{"type":"Polygon","coordinates":[[[-73.9563,40.65505],[-73.95583,40.65053],[-73.95871,40.65039],[-73.95811,40.64652],[-73.95565,40.64663],[-73.95473,40.64477],[-73.95413,40.63916],[-73.9536,40.63842],[-73.94826,40.63861],[-73.94777,40.634],[-73.94587,40.63412],[-73.94562,40.63178],[-73.94648,40.63171],[-73.94416,40.62951],[-73.95685,40.62812],[-73.95938,40.64147],[-73.96319,40.63967],[-73.96409,40.64441],[-73.96501,40.6443],[-73.96547,40.64671],[-73.96454,40.6468],[-73.9649,40.64872],[-73.96219,40.64979],[-73.96302,40.65153],[-73.96465,40.65089],[-73.96621,40.65319],[-73.95986,40.65563],[-73.9597,40.65484],[-73.9563,40.65505]]]},"properties":{"nta2020":"BK1401","ntaname":"Flatbush","boroname":"Brooklyn","ntatype":"0"}},{"type":"Feature","geometry":{"type":"Polygon","coordinates":[[[-73.95685,40.62812],[-73.95996,40.62778],[-73.96041,40.63016],[-73.96233,40.62997],[-73.97137,40.62893],[-73.97092,40.62657],[-73.97623,40.62598],[-73.97717,40.63075],[-73.96987,40.63419],[-73.97029,40.63641],[-73.96804,40.63665],[-73.9714,40.64826],[-73.96302,40.65153],[-73.96219,40.64979],[-73.9649,40.64872],[-73.96454,40.6468],[-73.96547,40.64671],[-73.96501,40.6443],[-73.96409,40.64441],[-73.96319,40.63967],[-73.95938,40.64147],[-73.95685,40.62812]]]},"properties":{"nta2020":"BK1402","ntaname":"Flatbush (West)-Ditmas Park-Parkville","boroname":"Brooklyn","ntatype":"0"}},{"type":"Feature","geometry":{"type":"Polygon","coordinates":[[[-73.95996,40.62778],[-73.94733,40.62917],[-73.94642,40.62439],[-73.94542,40.6245],[-73.94452,40.61971],[-73.94651,40.61949],[-73.94574,40.61536],[-73.94743,40.61422],[-73.95027,40.61392],[-73.94978,40.61137],[-73.96239,40.60999],[-73.96608,40.62954],[-73.96041,40.63016],[-73.95996,40.62778]]]},"properties":{"nta2020":"BK1403","ntaname":"Midwood","boroname":"Brooklyn","ntatype":"0"}},{"type":"Feature","geometry":{"type":"Polygon","coordinates":[[[-73.95859,40.6104],[-73.95683,40.60109],[-73.95776,40.60099],[-73.95608,40.5921],[-73.957,40.592],[-73.95619,40.58776],[-73.96035,40.58731],[-73.96068,40.5916],[-73.97557,40.58995],[-73.97751,40.59114],[-73.9777,40.59219],[-73.98071,40.594],[-73.97995,40.59407],[-73.98036,40.59619],[-73.97148,40.59717],[-73.97191,40.59942],[-73.97291,40.59932],[-73.97218,40.60419],[-73.97299,40.60881],[-73.9643,40.60978],[-73.96478,40.61233],[-73.96286,40.61255],[-73.96239,40.60999],[-73.95859,40.6104]]]},"properties":{"nta2020":"BK1501","ntaname":"Gravesend (East)-Homecrest","boroname":"Brooklyn","ntatype":"0"}},{"type":"Feature","geometry":{"type":"Polygon","coordinates":[[[-73.93754,40.60856],[-73.93973,40.60713],[-73.93426,40.60223],[-73.93503,40.60173],[-73.93447,40.60123],[-73.94289,40.60032],[-73.94248,40.5982],[-73.95693,40.59661],[-73.95776,40.60099],[-73.95683,40.60109],[-73.95859,40.6104],[-73.94978,40.61137],[-73.95027,40.61392],[-73.94743,40.61422],[-73.94483,40.61605],[-73.94355,40.60935],[-73.94231,40.60827],[-73.93935,40.61019],[-73.93754,40.60856]]]},"properties":{"nta2020":"BK1502","ntaname":"Madison","boroname":"Brooklyn","ntatype":"0"}},{"type":"Feature","geometry":{"type":"Polygon","coordinates":[[[-73.92957,40.59682],[-73.91806,40.58644],[-73.91917,40.58596],[-73.9196,40.58616],[-73.92081,40.58598],[-73.92091,40.58559],[-73.92235,40.58602],[-73.92463,40.58563],[-73.9252,40.58581],[-73.92721,40.58772],[-73.92766,40.58747],[-73.92725,40.58775],[-73.92736,40.58802],[-73.92792,40.58755],[-73.92808,40.5877],[-73.9274,40.58821],[-73.9279,40.58795],[-73.92802,40.58807],[-73.92745,40.5883],[-73.92776,40.58866],[-73.92395,40.59114],[-73.9242,40.59136],[-73.9246,40.5912],[-73.92863,40.58857],[-73.92838,40.58898],[-73.92895,40.58891],[-73.92867,40.58914],[-73.92922,40.58881],[-73.92876,40.58915],[-73.93003,40.58943],[-73.93065,40.59029],[-73.93035,40.59255],[-73.92971,40.59312],[-73.93004,40.59306],[-73.92996,40.59331],[-73.92974,40.59314],[-73.92982,40.59337],[-73.93004,40.59335],[-73.92978,40.59344],[-73.92996,40.59401],[-73.93022,40.59397],[-73.93008,40.5936],[-73.93023,40.59393],[-73.93052,40.59388],[-73.93055,40.5942],[-73.9303,40.59394],[-73.93004,40.5941],[-73.93043,40.5944],[-73.93122,40.59418],[-73.93095,40.59447],[-73.93137,40.59453],[-73.93176,40.59428],[-73.93161,40.5945],[-73.93137,40.59455],[-73.93085,40.59445],[-73.93078,40.5945],[-73.9326,40.59493],[-73.93283,40.5948],[-73.93268,40.59424],[-73.93114,40.59201],[-73.9314,40.5918],[-73.93101,40.59193],[-73.93156,40.59129],[-73.93121,40.58953],[-73.93069,40.58882],[-73.93009,40.58899],[-73.93065,40.58867],[-73.9304,40.58847],[-73.92973,40.58861],[-73.93039,40.58844],[-73.92972,40.58756],[-73.93135,40.58733],[-73.93125,40.58685],[-73.92857,40.58706],[-73.92808,40.5867],[-73.92815,40.58618],[-73.92792,40.58614],[-73.92828,40.58611],[-73.92816,40.58586],[-73.92737,40.58601],[-73.92759,40.58625],[-73.92752,40.5864],[-73.9273,40.58587],[-73.92638,40.5853],[-73.92655,40.58558],[-73.92553,40.58498],[-73.92628,40.58535],[-73.92583,40.58495],[-73.92722,40.58478],[-73.9314,40.58608],[-73.93127,40.58544],[-73.93019,40.58509],[-73.9301,40.5845],[-73.93204,40.58423],[-73.93193,40.58287],[-73.93238,40.58292],[-73.93202,40.58311],[-73.93421,40.58298],[-73.93569,40.58328],[-73.93582,40.58302],[-73.93577,40.58328],[-73.93613,40.58331],[-73.9361,40.58295],[-73.93657,40.58296],[-73.9363,40.583],[-73.93658,40.58324],[-73.93697,40.58323],[-73.93663,40.58297],[-73.93706,40.58298],[-73.93705,40.58308],[-73.93763,40.5831],[-73.93703,40.58313],[-73.93701,40.58302],[-73.93701,40.58323],[-73.93712,40.58335],[-73.93812,40.58334],[-73.93809,40.58312],[-73.93855,40.58334],[-73.93863,40.58307],[-73.9393,40.58333],[-73.94058,40.58333],[-73.94057,40.58309],[-73.94011,40.58308],[-73.94068,40.58307],[-73.94059,40.58321],[-73.9407,40.58333],[-73.94092,40.5833],[-73.94074,40.58308],[-73.94103,40.58307],[-73.94093,40.5833],[-73.94116,40.5833],[-73.9411,40.58309],[-73.9412,40.58309],[-73.94157,40.58361],[-73.94255,40.58351],[-73.94202,40.58311],[-73.9427,40.58351],[-73.94305,40.58349],[-73.94256,40.58313],[-73.9432,40.58349],[-73.94354,40.58347],[-73.94309,40.58313],[-73.94369,40.58347],[-73.94407,40.58347],[-73.94364,40.58315],[-73.94462,40.5835],[-73.94432,40.58316],[-73.94517,40.58352],[-73.94485,40.58316],[-73.94573,40.58354],[-73.94538,40.58318],[-73.94629,40.58357],[-73.9458,40.58319],[-73.94643,40.58356],[-73.94679,40.58355],[-73.94632,40.58321],[-73.94692,40.58355],[-73.94727,40.58353],[-73.94682,40.58319],[-73.94747,40.58353],[-73.95349,40.58299],[-73.9533,40.582],[-73.9497,40.58232],[-73.94274,40.581],[-73.93258,40.58126],[-73.93106,40.57627],[-73.9315,40.57566],[-73.93486,40.57553],[-73.93489,40.57522],[-73.93647,40.57586],[-73.93671,40.57542],[-73.94251,40.57537],[-73.94428,40.5758],[-73.94463,40.57569],[-73.9446,40.57524],[-73.94474,40.57551],[-73.94572,40.57556],[-73.94618,40.5753],[-73.94592,40.57512],[-73.9524,40.57425],[-73.95414,40.58311],[-73.95646,40.58266],[-73.95723,40.58315],[-73.95911,40.58286],[-73.96011,40.58341],[-73.96035,40.58731],[-73.95619,40.58776],[-73.957,40.592],[-73.95608,40.5921],[-73.95693,40.59661],[-73.94248,40.5982],[-73.94289,40.60032],[-73.93447,40.60123],[-73.93503,40.60173],[-73.93355,40.60269],[-73.92813,40.59778],[-73.92957,40.59682]]]},"properties":{"nta2020":"BK1503","ntaname":"Sheepshead Bay-Manhattan Beach-Gerritsen Beach","boroname":"Brooklyn","ntatype":"0"}},{"type":"Feature","geometry":{"type":"Polygon","coordinates":[[[-73.91805,40.68721],[-73.90005,40.67689],[-73.92275,40.6671],[-73.92165,40.67887],[-73.9163,40.67858],[-73.91805,40.68721]]]},"properties":{"nta2020":"BK1601","ntaname":"Ocean Hill","boroname":"Brooklyn","ntatype":"0"}},{"type":"Feature","geometry":{"type":"Polygon","coordinates":[[[-73.90347,40.67551],[-73.90043,40.66381],[-73.90145,40.66366],[-73.90066,40.66059],[-73.89965,40.66074],[-73.89879,40.65741],[-73.90049,40.65715],[-73.90318,40.65531],[-73.90784,40.65459],[-73.9074,40.65284],[-73.90856,40.6521],[-73.90933,40.65281],[-73.91012,40.65585],[-73.91236,40.65551],[-73.91818,40.66073],[-73.9191,40.66423],[-73.92166,40.66384],[-73.92439,40.66638],[-73.90347,40.67551]]]},"properties":{"nta2020":"BK1602","ntaname":"Brownsville","boroname":"Brooklyn","ntatype":"0"}},{"type":"Feature","geometry":{"type":"Polygon","coordinates":[[[-73.9424,40.65588],[-73.94189,40.65117],[-73.94283,40.65111],[-73.94263,40.64934],[-73.94312,40.64931],[-73.943,40.64859],[-73.94353,40.64858],[-73.94337,40.64711],[-73.94434,40.64708],[-73.94417,40.64543],[-73.94607,40.64531],[-73.94587,40.64342],[-73.94779,40.64331],[-73.94744,40.64005],[-73.94841,40.63999],[-73.94826,40.63861],[-73.9536,40.63842],[-73.95413,40.63916],[-73.95473,40.64477],[-73.95565,40.64663],[-73.95811,40.64652],[-73.95871,40.65039],[-73.95583,40.65053],[-73.95639,40.65587],[-73.95016,40.65626],[-73.95007,40.65542],[-73.9424,40.65588]]]},"properties":{"nta2020":"BK1701","ntaname":"East Flatbush-Erasmus","boroname":"Brooklyn","ntatype":"0"}},{"type":"Feature","geometry":{"type":"Polygon","coordinates":[[[-73.93738,40.6449],[-73.93728,40.64396],[-73.92572,40.64467],[-73.92538,40.64238],[-73.92652,40.63649],[-73.92745,40.63526],[-73.93727,40.63465],[-73.93702,40.63231],[-73.94562,40.63178],[-73.94587,40.63412],[-73.94777,40.634],[-73.94841,40.63999],[-73.94744,40.64005],[-73.94779,40.64331],[-73.94587,40.64342],[-73.94607,40.64531],[-73.94417,40.64543],[-73.94434,40.64708],[-73.94337,40.64711],[-73.94331,40.64653],[-73.9428,40.64654],[-73.94261,40.64466],[-73.93738,40.6449]]]},"properties":{"nta2020":"BK1702","ntaname":"East Flatbush-Farragut","boroname":"Brooklyn","ntatype":"0"}},{"type":"Feature","geometry":{"type":"Polygon","coordinates":[[[-73.9209,40.65363],[-73.91974,40.64278],[-73.9233,40.63992],[-73.92357,40.6425],[-73.9255,40.64238],[-73.92572,40.64467],[-73.93728,40.64396],[-73.93738,40.6449],[-73.93261,40.64525],[-73.933,40.64879],[-73.93871,40.64852],[-73.93886,40.64957],[-73.94263,40.64934],[-73.94283,40.65111],[-73.94189,40.65117],[-73.9424,40.65588],[-73.9309,40.65661],[-73.93108,40.6583],[-73.934,40.65812],[-73.93423,40.66042],[-73.93133,40.66059],[-73.93161,40.66356],[-73.93068,40.66362],[-73.92464,40.65818],[-73.92541,40.65768],[-73.9209,40.65363]]]},"properties":{"nta2020":"BK1703","ntaname":"East Flatbush-Rugby","boroname":"Brooklyn","ntatype":"0"}},{"type":"Feature","geometry":{"type":"Polygon","coordinates":[[[-73.90856,40.6521],[-73.91995,40.64471],[-73.9209,40.65363],[-73.92541,40.65768],[-73.92464,40.65818],[-73.93068,40.66362],[-73.92439,40.66638],[-73.92166,40.66384],[-73.9191,40.66423],[-73.91818,40.66073],[-73.91236,40.65551],[-73.91012,40.65585],[-73.90933,40.65281],[-73.90856,40.6521]]]},"properties":{"nta2020":"BK1704","ntaname":"East Flatbush-Remsen Village","boroname":"Brooklyn","ntatype":"0"}},{"type":"Feature","geometry":{"type":"Polygon","coordinates":[[[-73.93261,40.64525],[-73.94261,40.64466],[-73.9428,40.64654],[-73.94331,40.64653],[-73.94337,40.64711],[-73.94353,40.64858],[-73.943,40.64859],[-73.94312,40.64931],[-73.93886,40.64957],[-73.93871,40.64852],[-73.933,40.64879],[-73.93261,40.64525]]]},"properties":{"nta2020":"BK1771","ntaname":"Holy Cross Cemetery","boroname":"Brooklyn","ntatype":"7"}},{"type":"Feature","geometry":{"type":"Polygon","coordinates":[[[-73.91974,40.64278],[-73.9169,40.61627],[-73.92053,40.61394],[-73.92062,40.61484],[-73.9264,40.61448],[-73.9263,40.61319],[-73.93173,40.61793],[-73.9332,40.61697],[-73.93687,40.62025],[-73.94079,40.6177],[-73.94347,40.61739],[-73.94574,40.61536],[-73.94651,40.61949],[-73.94452,40.61971],[-73.94542,40.6245],[-73.94642,40.62439],[-73.94733,40.62917],[-73.94416,40.62951],[-73.94648,40.63171],[-73.93702,40.63231],[-73.93727,40.63465],[-73.92745,40.63526],[-73.92652,40.63649],[-73.92616,40.63757],[-73.92538,40.64238],[-73.92357,40.6425],[-73.9233,40.63992],[-73.91974,40.64278]]]},"properties":{"nta2020":"BK1801","ntaname":"Flatlands","boroname":"Brooklyn","ntatype":"0"}},{"type":"Feature","geometry":{"type":"Polygon","coordinates":[[[-73.9172,40.63174],[-73.91747,40.63119],[-73.91659,40.63045],[-73.90396,40.62483],[-73.90386,40.62494],[-73.90546,40.62577],[-73.90533,40.62586],[-73.90255,40.62444],[-73.90327,40.62448],[-73.90269,40.62421],[-73.90283,40.62405],[-73.90242,40.62446],[-73.90229,40.62441],[-73.90292,40.62395],[-73.90283,40.6236],[-73.90222,40.62358],[-73.90187,40.62296],[-73.90094,40.6226],[-73.90061,40.62174],[-73.90016,40.62168],[-73.90199,40.62056],[-73.8981,40.61704],[-73.89854,40.61627],[-73.89856,40.61515],[-73.90213,40.61278],[-73.90347,40.61399],[-73.90419,40.61356],[-73.90603,40.61495],[-73.90696,40.61611],[-73.90717,40.61601],[-73.90674,40.6163],[-73.90726,40.61609],[-73.90708,40.61622],[-73.90744,40.61626],[-73.90702,40.61653],[-73.90753,40.61634],[-73.90724,40.61655],[-73.90839,40.61739],[-73.90907,40.61716],[-73.90835,40.61653],[-73.90879,40.61687],[-73.90914,40.61653],[-73.90797,40.61574],[-73.90816,40.6156],[-73.90918,40.61652],[-73.90896,40.61699],[-73.90964,40.61658],[-73.90901,40.61577],[-73.90778,40.61524],[-73.90422,40.61236],[-73.90429,40.61202],[-73.90351,40.61141],[-73.90331,40.61155],[-73.90349,40.61139],[-73.90314,40.61097],[-73.90226,40.61042],[-73.90164,40.60576],[-73.90524,40.60491],[-73.90597,40.60638],[-73.9081,40.60628],[-73.90864,40.60666],[-73.90985,40.606],[-73.90833,40.60407],[-73.91092,40.60351],[-73.91365,40.60398],[-73.91674,40.60681],[-73.91632,40.60868],[-73.91678,40.60877],[-73.91657,40.60942],[-73.91684,40.60876],[-73.91651,40.60863],[-73.91709,40.60882],[-73.91616,40.61052],[-73.9145,40.61165],[-73.91493,40.61396],[-73.91386,40.61464],[-73.91428,40.61494],[-73.91642,40.61357],[-73.91591,40.61385],[-73.91573,40.61362],[-73.91577,40.61354],[-73.91597,40.61381],[-73.91625,40.61363],[-73.91575,40.61338],[-73.9164,40.61345],[-73.91587,40.61291],[-73.91663,40.61344],[-73.91573,40.61183],[-73.91811,40.61021],[-73.91773,40.60978],[-73.91787,40.60933],[-73.91768,40.60966],[-73.91796,40.60879],[-73.91782,40.6093],[-73.91856,40.6085],[-73.91801,40.60815],[-73.91819,40.60802],[-73.91857,40.60849],[-73.91901,40.60827],[-73.91814,40.60765],[-73.91836,40.6075],[-73.91902,40.60826],[-73.91935,40.60804],[-73.91825,40.60723],[-73.9185,40.60707],[-73.9195,40.60797],[-73.91795,40.60621],[-73.91853,40.60611],[-73.91971,40.6073],[-73.92066,40.60675],[-73.92158,40.60764],[-73.92444,40.60579],[-73.92625,40.60741],[-73.92987,40.60507],[-73.93351,40.60834],[-73.93423,40.6079],[-73.93605,40.60951],[-73.93754,40.60856],[-73.93935,40.61019],[-73.94231,40.60827],[-73.94355,40.60935],[-73.94483,40.61605],[-73.94347,40.61739],[-73.94079,40.6177],[-73.93687,40.62025],[-73.9332,40.61697],[-73.93173,40.61793],[-73.9263,40.61319],[-73.9264,40.61448],[-73.92062,40.61484],[-73.92053,40.61394],[-73.9169,40.61627],[-73.9186,40.63207],[-73.9172,40.63174]]]},"properties":{"nta2020":"BK1802","ntaname":"Marine Park-Mill Basin-Bergen Beach","boroname":"Brooklyn","ntatype":"0"}},{"type":"Feature","geometry":{"type":"MultiPolygon","coordinates":[[[[-73.88847,40.6469],[-73.8885,40.64676],[-73.88853,40.64686],[-73.88847,40.6469]]],[[[-73.89122,40.64999],[-73.89057,40.64921],[-73.89102,40.64934],[-73.8911,40.64881],[-73.88945,40.64717],[-73.88948,40.64691],[-73.8888,40.64605],[-73.88938,40.64697],[-73.88887,40.64722],[-73.8886,40.64671],[-73.88808,40.64662],[-73.88829,40.64604],[-73.88741,40.64533],[-73.88806,40.64512],[-73.8873,40.6452],[-73.88624,40.64382],[-73.88374,40.64245],[-73.88079,40.63976],[-73.88594,40.63623],[-73.88289,40.63344],[-73.88544,40.6314],[-73.88748,40.63012],[-73.8889,40.62992],[-73.89011,40.62898],[-73.89209,40.62866],[-73.89227,40.62911],[-73.89082,40.63085],[-73.89277,40.63181],[-73.89955,40.62747],[-73.90146,40.62523],[-73.91446,40.63099],[-73.91606,40.63203],[-73.9172,40.63174],[-73.9186,40.63207],[-73.91995,40.64471],[-73.9183,40.64581],[-73.90945,40.65152],[-73.90398,40.64663],[-73.89586,40.65188],[-73.89761,40.65345],[-73.89355,40.6552],[-73.89176,40.6528],[-73.89001,40.65115],[-73.89122,40.64999]]]]},"properties":{"nta2020":"BK1803","ntaname":"Canarsie","boroname":"Brooklyn","ntatype":"0"}},{"type":"Feature","geometry":{"type":"MultiPolygon","coordinates":[[[[-73.91513,40.58627],[-73.9135,40.5861],[-73.91259,40.58557],[-73.91237,40.58453],[-73.91271,40.5837],[-73.91242,40.58339],[-73.91463,40.58276],[-73.91499,40.58315],[-73.91614,40.58286],[-73.9173,40.58319],[-73.91541,40.58236],[-73.91439,40.58238],[-73.91417,40.5828],[-73.91336,40.58295],[-73.91297,40.58297],[-73.91299,40.58271],[-73.91285,40.58301],[-73.91191,40.58296],[-73.91129,40.58231],[-73.9115,40.58182],[-73.91506,40.58154],[-73.92444,40.58356],[-73.92963,40.5834],[-73.93067,40.58316],[-73.93096,40.58273],[-73.93184,40.58295],[-73.93204,40.58423],[-73.9301,40.5845],[-73.93019,40.58509],[-73.93127,40.58544],[-73.9314,40.58608],[-73.92722,40.58478],[-73.92583,40.58495],[-73.92531,40.58464],[-73.92345,40.58482],[-73.92101,40.58458],[-73.91513,40.58627]]],[[[-73.92085,40.59954],[-73.91866,40.59947],[-73.91626,40.59816],[-73.91602,40.59751],[-73.91338,40.59472],[-73.91306,40.59407],[-73.91326,40.59223],[-73.91295,40.59205],[-73.91439,40.59151],[-73.91524,40.59159],[-73.91605,40.5922],[-73.91644,40.59313],[-73.91788,40.59472],[-73.92083,40.59633],[-73.92182,40.59733],[-73.92227,40.59838],[-73.92213,40.59866],[-73.92085,40.59954]]],[[[-73.93605,40.60951],[-73.93423,40.6079],[-73.93351,40.60834],[-73.92987,40.60507],[-73.92625,40.60741],[-73.92444,40.60579],[-73.92158,40.60764],[-73.92066,40.60675],[-73.91971,40.6073],[-73.90099,40.5901],[-73.88924,40.57977],[-73.88769,40.57806],[-73.89118,40.57787],[-73.89552,40.57677],[-73.89651,40.57901],[-73.89675,40.58319],[-73.89816,40.58535],[-73.89794,40.58588],[-73.89826,40.58679],[-73.89892,40.58754],[-73.89973,40.58717],[-73.89899,40.58763],[-73.89958,40.58799],[-73.90122,40.58738],[-73.89995,40.58804],[-73.90088,40.58805],[-73.9021,40.58736],[-73.90426,40.58691],[-73.90652,40.58803],[-73.90713,40.58753],[-73.90649,40.58734],[-73.90644,40.58703],[-73.91089,40.58595],[-73.91153,40.58611],[-73.91197,40.5867],[-73.91175,40.58727],[-73.91205,40.58874],[-73.91144,40.59108],[-73.91195,40.59255],[-73.91203,40.59437],[-73.91251,40.5954],[-73.91507,40.598],[-73.91511,40.59859],[-73.91574,40.59921],[-73.91701,40.59959],[-73.91865,40.60069],[-73.91987,40.60085],[-73.92171,40.60174],[-73.92297,40.60111],[-73.92394,40.59971],[-73.92466,40.59973],[-73.92954,40.60275],[-73.92921,40.60389],[-73.93,40.60364],[-73.93013,40.604],[-73.93051,40.60374],[-73.93117,40.60385],[-73.93212,40.60271],[-73.93109,40.60172],[-73.93031,40.60117],[-73.92965,40.6012],[-73.92923,40.60049],[-73.92865,40.60039],[-73.92859,40.60061],[-73.9272,40.59991],[-73.9229,40.59645],[-73.92178,40.59503],[-73.92032,40.59472],[-73.91783,40.59282],[-73.91641,40.59114],[-73.91488,40.59031],[-73.91507,40.59008],[-73.91455,40.58955],[-73.91462,40.58875],[-73.91725,40.58748],[-73.91819,40.58661],[-73.92957,40.59682],[-73.92813,40.59778],[-73.93355,40.60269],[-73.93426,40.60223],[-73.93973,40.60713],[-73.93605,40.60951]]]]},"properties":{"nta2020":"BK1891","ntaname":"Marine Park-Plumb Island","boroname":"Brooklyn","ntatype":"9"}},{"type":"Feature","geometry":{"type":"Polygon","coordinates":[[[-73.90419,40.61356],[-73.90347,40.61399],[-73.90213,40.61278],[-73.89856,40.61515],[-73.89854,40.61627],[-73.8981,40.61704],[-73.90199,40.62056],[-73.89986,40.62177],[-73.89705,40.62168],[-73.89644,40.62139],[-73.89561,40.6198],[-73.89664,40.61735],[-73.89646,40.61613],[-73.89573,40.61489],[-73.89603,40.6148],[-73.89586,40.61452],[-73.89428,40.61388],[-73.8925,40.61379],[-73.89095,40.61283],[-73.89141,40.61213],[-73.89393,40.61154],[-73.89396,40.61121],[-73.89355,40.611],[-73.89189,40.61153],[-73.891,40.61205],[-73.89108,40.61228],[-73.88979,40.61169],[-73.88975,40.61107],[-73.89059,40.61007],[-73.89194,40.6091],[-73.89177,40.60952],[-73.89227,40.60917],[-73.89242,40.60856],[-73.89217,40.60854],[-73.89273,40.60723],[-73.89335,40.60674],[-73.8985,40.6053],[-73.90017,40.60563],[-73.90106,40.60693],[-73.90028,40.61007],[-73.90141,40.61109],[-73.90137,40.6117],[-73.90249,40.61181],[-73.90119,40.61056],[-73.90133,40.61048],[-73.90265,40.61178],[-73.90236,40.61198],[-73.90272,40.61183],[-73.90304,40.6121],[-73.90242,40.61203],[-73.90419,40.61356]]]},"properties":{"nta2020":"BK1892","ntaname":"McGuire Fields","boroname":"Brooklyn","ntatype":"9"}},{"type":"Feature","geometry":{"type":"Polygon","coordinates":[[[-73.87954,40.63822],[-73.87864,40.63829],[-73.87838,40.6379],[-73.87858,40.63752],[-73.87714,40.63598],[-73.87821,40.63457],[-73.88127,40.63237],[-73.88301,40.63163],[-73.88364,40.63094],[-73.88377,40.63022],[-73.88345,40.62991],[-73.88405,40.62956],[-73.88263,40.62827],[-73.88369,40.62756],[-73.88513,40.62883],[-73.88572,40.62845],[-73.88631,40.62868],[-73.88753,40.62833],[-73.89042,40.62628],[-73.89149,40.62448],[-73.89301,40.62336],[-73.89534,40.62247],[-73.90146,40.62523],[-73.89955,40.62747],[-73.89277,40.63181],[-73.89082,40.63085],[-73.89227,40.62911],[-73.89209,40.62866],[-73.89011,40.62898],[-73.8889,40.62992],[-73.88748,40.63012],[-73.88289,40.63344],[-73.88594,40.63623],[-73.88077,40.63958],[-73.87954,40.63822]]]},"properties":{"nta2020":"BK1893","ntaname":"Canarsie Park & Pier","boroname":"Brooklyn","ntatype":"9"}},{"type":"Feature","geometry":{"type":"Polygon","coordinates":[[[-73.96847,40.67295],[-73.96257,40.67162],[-73.96096,40.66329],[-73.96225,40.6632],[-73.96308,40.6622],[-73.96188,40.65488],[-73.96621,40.65319],[-73.96465,40.65089],[-73.9714,40.64826],[-73.97209,40.65066],[-73.97269,40.65097],[-73.97233,40.6514],[-73.97437,40.65819],[-73.98023,40.66105],[-73.97935,40.66159],[-73.97041,40.67265],[-73.96847,40.67295]]]},"properties":{"nta2020":"BK5591","ntaname":"Prospect Park","boroname":"Brooklyn","ntatype":"9"}},{"type":"Feature","geometry":{"type":"Polygon","coordinates":[[[-73.88769,40.57806],[-73.88924,40.57977],[-73.91853,40.60611],[-73.91795,40.60621],[-73.91443,40.60286],[-73.91389,40.6027],[-73.91382,40.60289],[-73.91369,40.60285],[-73.91364,40.60252],[-73.91347,40.60291],[-73.9135,40.60237],[-73.91302,40.60275],[-73.91348,40.60235],[-73.9133,40.60225],[-73.91274,40.60271],[-73.9131,40.60221],[-73.91158,40.60214],[-73.91158,40.60222],[-73.91231,40.60228],[-73.91254,40.60236],[-73.91154,40.60244],[-73.91261,40.60253],[-73.91257,40.60268],[-73.91087,40.60249],[-73.91152,40.6024],[-73.91154,40.60222],[-73.91092,40.60221],[-73.91094,40.60213],[-73.91156,40.60216],[-73.91076,40.60203],[-73.91075,40.60244],[-73.90904,40.60268],[-73.91071,40.60242],[-73.91071,40.60214],[-73.90941,40.60219],[-73.91073,40.60202],[-73.90985,40.60204],[-73.90904,40.60163],[-73.90784,40.60227],[-73.9043,40.60267],[-73.90373,40.60242],[-73.90193,40.60318],[-73.89933,40.60355],[-73.89562,40.60301],[-73.89241,40.6033],[-73.89136,40.60352],[-73.88773,40.60527],[-73.88478,40.60514],[-73.88396,40.60555],[-73.88272,40.60418],[-73.88336,40.60288],[-73.88181,40.59937],[-73.88164,40.5978],[-73.88084,40.59634],[-73.8808,40.59479],[-73.87991,40.59205],[-73.87942,40.59213],[-73.8799,40.59202],[-73.87971,40.5914],[-73.87936,40.59084],[-73.87897,40.5909],[-73.87929,40.59066],[-73.87879,40.58803],[-73.87672,40.58491],[-73.8797,40.58014],[-73.88174,40.57959],[-73.88175,40.57916],[-73.88207,40.57907],[-73.88614,40.57813],[-73.88769,40.57806]]]},"properties":{"nta2020":"BK5691","ntaname":"Barren Island-Floyd Bennett Field","boroname":"Brooklyn","ntatype":"9"}},{"type":"Feature","geometry":{"type":"MultiPolygon","coordinates":[[[[-73.86327,40.58388],[-73.86449,40.58361],[-73.86773,40.58166],[-73.86926,40.58191],[-73.87051,40.58334],[-73.87116,40.58687],[-73.86981,40.58946],[-73.8685,40.59009],[-73.86635,40.59189],[-73.86327,40.59091],[-73.86125,40.58799],[-73.86167,40.58614],[-73.86327,40.58388]]],[[[-73.86953,40.59871],[-73.86967,40.59669],[-73.87021,40.59695],[-73.86953,40.59871]]],[[[-73.87019,40.599],[-73.87108,40.5989],[-73.87049,40.6026],[-73.87026,40.60168],[-73.87019,40.599]]],[[[-73.85243,40.59733],[-73.85493,40.5963],[-73.85673,40.59608],[-73.86044,40.59647],[-73.86055,40.59706],[-73.86275,40.59907],[-73.86336,40.60032],[-73.86187,40.60216],[-73.86113,40.60255],[-73.85906,40.60206],[-73.85483,40.60187],[-73.85277,40.60095],[-73.85077,40.59884],[-73.85153,40.59843],[-73.85243,40.59733]]],[[[-73.86703,40.60374],[-73.86768,40.60307],[-73.86831,40.60314],[-73.86794,40.60396],[-73.86703,40.60417],[-73.86703,40.60374]]],[[[-73.84674,40.60485],[-73.84608,40.60454],[-73.84641,40.60419],[-73.84578,40.60482],[-73.84527,40.60485],[-73.84489,40.60472],[-73.84523,40.60477],[-73.84557,40.60454],[-73.84519,40.60447],[-73.84518,40.6047],[-73.84486,40.60469],[-73.84459,40.60482],[-73.84445,40.60469],[-73.84496,40.60438],[-73.84492,40.60368],[-73.84522,40.60386],[-73.8455,40.60385],[-73.84515,40.60373],[-73.84562,40.60352],[-73.8462,40.60418],[-73.84667,40.60418],[-73.84638,40.60441],[-73.84665,40.60458],[-73.84745,40.60446],[-73.84786,40.6047],[-73.84674,40.60485]]],[[[-73.84828,40.60543],[-73.84795,40.60535],[-73.84784,40.60508],[-73.84825,40.60514],[-73.84828,40.60543]]],[[[-73.84854,40.60596],[-73.84826,40.60578],[-73.84872,40.60589],[-73.84854,40.60596]]],[[[-73.83446,40.60719],[-73.83574,40.60579],[-73.83533,40.60685],[-73.83437,40.60785],[-73.83446,40.60719]]],[[[-73.86702,40.60807],[-73.86874,40.60704],[-73.86868,40.60824],[-73.86778,40.60854],[-73.86702,40.60807]]],[[[-73.86966,40.60654],[-73.87109,40.60469],[-73.87106,40.60629],[-73.87246,40.60819],[-73.873,40.61056],[-73.8718,40.61028],[-73.87104,40.60972],[-73.86966,40.60654]]],[[[-73.85048,40.61234],[-73.84967,40.61211],[-73.84986,40.61196],[-73.84955,40.61146],[-73.84986,40.61101],[-73.8495,40.61033],[-73.85009,40.61016],[-73.84942,40.60982],[-73.84987,40.60982],[-73.84993,40.60943],[-73.85039,40.60965],[-73.85135,40.60927],[-73.8517,40.60861],[-73.85208,40.60869],[-73.85295,40.60796],[-73.85337,40.60801],[-73.85324,40.60773],[-73.85446,40.6079],[-73.85363,40.60726],[-73.85442,40.60717],[-73.85507,40.60746],[-73.85464,40.60769],[-73.8548,40.6086],[-73.85555,40.60898],[-73.85525,40.60954],[-73.85595,40.60954],[-73.85589,40.60991],[-73.8566,40.61083],[-73.85619,40.61105],[-73.85536,40.61041],[-73.85542,40.61012],[-73.85322,40.61014],[-73.8527,40.61042],[-73.85196,40.61024],[-73.85265,40.61117],[-73.85172,40.61095],[-73.85196,40.6112],[-73.85174,40.61157],[-73.85142,40.61177],[-73.85106,40.61147],[-73.85048,40.61234]]],[[[-73.84473,40.61397],[-73.84357,40.61367],[-73.84343,40.61297],[-73.84264,40.61317],[-73.84184,40.61269],[-73.84151,40.61232],[-73.84158,40.61183],[-73.84067,40.61145],[-73.8398,40.61236],[-73.83911,40.61247],[-73.83871,40.61199],[-73.8388,40.6128],[-73.83818,40.61308],[-73.83738,40.61301],[-73.83624,40.61227],[-73.83697,40.61111],[-73.83752,40.61086],[-73.83746,40.61016],[-73.83852,40.60924],[-73.83887,40.60791],[-73.8391,40.60831],[-73.8396,40.60806],[-73.84004,40.60823],[-73.8401,40.60896],[-73.8405,40.60856],[-73.83936,40.60761],[-73.84136,40.60679],[-73.84127,40.60625],[-73.84046,40.60621],[-73.84042,40.60577],[-73.8406,40.6054],[-73.84075,40.60564],[-73.84123,40.60553],[-73.84113,40.60469],[-73.84149,40.6045],[-73.84186,40.60479],[-73.84296,40.60421],[-73.84327,40.60442],[-73.84443,40.60416],[-73.84449,40.60436],[-73.84362,40.6044],[-73.84339,40.60468],[-73.84271,40.60464],[-73.84267,40.60508],[-73.84194,40.60493],[-73.84243,40.60529],[-73.84297,40.60507],[-73.84282,40.60473],[-73.84338,40.60499],[-73.84382,40.60543],[-73.84357,40.60585],[-73.8439,40.60642],[-73.84371,40.60582],[-73.84405,40.60545],[-73.84361,40.6047],[-73.84407,40.60456],[-73.84461,40.60504],[-73.84469,40.60615],[-73.84411,40.60589],[-73.84458,40.6066],[-73.84462,40.60633],[-73.8453,40.60627],[-73.84505,40.60586],[-73.84539,40.60571],[-73.84505,40.60553],[-73.84531,40.60539],[-73.84494,40.60503],[-73.84582,40.60516],[-73.84627,40.60471],[-73.84675,40.6051],[-73.84747,40.60508],[-73.84727,40.60582],[-73.84667,40.60604],[-73.84683,40.6058],[-73.84658,40.60583],[-73.84661,40.60609],[-73.84591,40.60629],[-73.84625,40.60641],[-73.84611,40.60664],[-73.84618,40.60676],[-73.84663,40.60676],[-73.84635,40.60705],[-73.8464,40.6073],[-73.84669,40.60687],[-73.84663,40.60659],[-73.84689,40.60657],[-73.84666,40.60654],[-73.84622,40.60672],[-73.84644,40.60622],[-73.84766,40.60592],[-73.84884,40.60637],[-73.84965,40.60605],[-73.84962,40.60667],[-73.84876,40.60652],[-73.84851,40.60684],[-73.84806,40.60673],[-73.84823,40.60709],[-73.84755,40.60698],[-73.84682,40.60806],[-73.8462,40.60792],[-73.8456,40.60832],[-73.84486,40.60809],[-73.8455,40.60851],[-73.84628,40.60828],[-73.84555,40.60934],[-73.84574,40.60973],[-73.84539,40.60978],[-73.84568,40.60995],[-73.84542,40.61013],[-73.84574,40.61043],[-73.84552,40.6108],[-73.84573,40.61144],[-73.84486,40.61103],[-73.84526,40.61149],[-73.84508,40.61233],[-73.84571,40.61288],[-73.84526,40.61327],[-73.84564,40.61369],[-73.84473,40.61397]]],[[[-73.8337,40.62098],[-73.83402,40.61438],[-73.83542,40.61461],[-73.83586,40.61521],[-73.83777,40.61552],[-73.83644,40.61617],[-73.83527,40.61725],[-73.83496,40.61853],[-73.83536,40.61871],[-73.83571,40.61973],[-73.83523,40.61996],[-73.83496,40.61984],[-73.83513,40.61951],[-73.83489,40.61961],[-73.8348,40.61992],[-73.83531,40.62015],[-73.8349,40.62047],[-73.83455,40.62037],[-73.83472,40.62022],[-73.83439,40.61985],[-73.8338,40.61965],[-73.83447,40.62012],[-73.83428,40.62065],[-73.8337,40.62098]]],[[[-73.83502,40.62268],[-73.83414,40.62235],[-73.83362,40.6226],[-73.83368,40.62138],[-73.83401,40.62103],[-73.83499,40.62101],[-73.83464,40.622],[-73.83502,40.62268]]],[[[-73.85025,40.62358],[-73.84939,40.62248],[-73.84846,40.62237],[-73.84902,40.62148],[-73.85049,40.62089],[-73.85085,40.62025],[-73.85347,40.6202],[-73.85402,40.61987],[-73.85491,40.62003],[-73.85655,40.61957],[-73.85676,40.62041],[-73.8574,40.6203],[-73.85657,40.62148],[-73.85596,40.6218],[-73.85533,40.62169],[-73.85517,40.62196],[-73.85464,40.62159],[-73.85451,40.6208],[-73.85359,40.62046],[-73.85185,40.62057],[-73.8514,40.6208],[-73.85129,40.62184],[-73.85236,40.62297],[-73.8519,40.62279],[-73.8518,40.62335],[-73.85133,40.62347],[-73.8509,40.62327],[-73.85025,40.62358]]],[[[-73.83356,40.62394],[-73.83371,40.62369],[-73.83364,40.62396],[-73.83356,40.62394]]],[[[-73.86206,40.62432],[-73.86304,40.6233],[-73.86351,40.62341],[-73.86378,40.62395],[-73.86343,40.6239],[-73.86343,40.6242],[-73.86265,40.62396],[-73.86206,40.62432]]],[[[-73.84589,40.62497],[-73.84477,40.62485],[-73.84478,40.62424],[-73.84384,40.62429],[-73.84389,40.62381],[-73.84294,40.62332],[-73.84428,40.62295],[-73.84537,40.62305],[-73.8451,40.62342],[-73.84554,40.62407],[-73.84521,40.62407],[-73.84521,40.62435],[-73.8458,40.6246],[-73.84589,40.62497]]],[[[-73.85777,40.62482],[-73.85784,40.62519],[-73.85733,40.62515],[-73.85742,40.62498],[-73.85777,40.62482]]],[[[-73.84067,40.62741],[-73.83947,40.62729],[-73.84072,40.62586],[-73.84169,40.6264],[-73.84151,40.62678],[-73.84238,40.62744],[-73.84045,40.62659],[-73.84015,40.62699],[-73.84067,40.62741]]],[[[-73.86685,40.61781],[-73.87395,40.61584],[-73.87798,40.6158],[-73.87952,40.61656],[-73.87978,40.61863],[-73.87938,40.61986],[-73.87779,40.62165],[-73.86645,40.62826],[-73.86519,40.62766],[-73.86473,40.62653],[-73.86498,40.62566],[-73.86651,40.62375],[-73.86638,40.623],[-73.86523,40.62189],[-73.86501,40.62055],[-73.86576,40.6185],[-73.86685,40.61781]]],[[[-73.84814,40.62854],[-73.84841,40.62857],[-73.84847,40.62879],[-73.84813,40.62884],[-73.84814,40.62854]]],[[[-73.84869,40.63061],[-73.84843,40.63046],[-73.84868,40.63046],[-73.84869,40.63061]]],[[[-73.853,40.63202],[-73.85257,40.63124],[-73.85167,40.63087],[-73.85188,40.63051],[-73.85247,40.63034],[-73.85366,40.63088],[-73.85509,40.63011],[-73.8568,40.62984],[-73.85776,40.62994],[-73.85856,40.63046],[-73.8581,40.63125],[-73.85816,40.63197],[-73.85758,40.63272],[-73.85535,40.63281],[-73.85435,40.63372],[-73.85241,40.63364],[-73.85231,40.63322],[-73.853,40.63202]]],[[[-73.84638,40.63529],[-73.84783,40.63278],[-73.84914,40.63211],[-73.85005,40.63217],[-73.84988,40.6341],[-73.84886,40.63544],[-73.84828,40.63747],[-73.84765,40.63828],[-73.84668,40.63873],[-73.84605,40.63847],[-73.84545,40.63737],[-73.84427,40.63669],[-73.84502,40.63568],[-73.84638,40.63529]]]]},"properties":{"nta2020":"BK5692","ntaname":"Jamaica Bay (West)","boroname":"Brooklyn","ntatype":"9"}},{"type":"Feature","geometry":{"type":"MultiPolygon","coordinates":[[[[-73.87327,40.6439],[-73.87009,40.63984],[-73.8699,40.63893],[-73.868,40.63812],[-73.86961,40.63709],[-73.86921,40.63747],[-73.86956,40.63795],[-73.87348,40.63629],[-73.87515,40.63705],[-73.87711,40.63864],[-73.87835,40.63887],[-73.87569,40.64395],[-73.87386,40.64631],[-73.87319,40.64545],[-73.87344,40.64467],[-73.87327,40.6439]]],[[[-73.85838,40.64727],[-73.85717,40.64368],[-73.86289,40.64255],[-73.8667,40.64002],[-73.86628,40.63947],[-73.86867,40.64093],[-73.87061,40.64486],[-73.87119,40.64531],[-73.87257,40.64558],[-73.87343,40.64678],[-73.8701,40.6493],[-73.86054,40.65462],[-73.85722,40.65028],[-73.85838,40.64727]]]]},"properties":{"nta2020":"BK5693","ntaname":"Shirley Chisholm State Park","boroname":"Brooklyn","ntatype":"9"}},{"type":"Feature","geometry":{"type":"Polygon","coordinates":[[[-73.92663,40.81612],[-73.924,40.81544],[-73.92309,40.8167],[-73.92125,40.81622],[-73.92158,40.81555],[-73.92048,40.81456],[-73.91765,40.81607],[-73.91095,40.81362],[-73.90447,40.81228],[-73.90342,40.81151],[-73.90229,40.80456],[-73.90453,40.80317],[-73.90747,40.8],[-73.90855,40.79931],[-73.9083,40.79896],[-73.91169,40.79662],[-73.91372,40.79679],[-73.91903,40.79898],[-73.92024,40.79961],[-73.92133,40.80128],[-73.92293,40.80237],[-73.92666,40.80241],[-73.92763,40.8027],[-73.92728,40.80351],[-73.92765,40.80399],[-73.92873,40.8041],[-73.93253,40.80882],[-73.93287,40.81041],[-73.93257,40.81089],[-73.93242,40.81415],[-73.93028,40.81325],[-73.92886,40.81488],[-73.92732,40.81856],[-73.92518,40.81801],[-73.92663,40.81612]]]},"properties":{"nta2020":"BX0101","ntaname":"Mott Haven-Port Morris","boroname":"Bronx","ntatype":"0"}},{"type":"Feature","geometry":{"type":"Polygon","coordinates":[[[-73.90129,40.82048],[-73.90447,40.81228],[-73.91095,40.81362],[-73.91765,40.81607],[-73.92048,40.81456],[-73.92158,40.81555],[-73.92125,40.81622],[-73.92309,40.8167],[-73.924,40.81544],[-73.92663,40.81612],[-73.92518,40.81801],[-73.92265,40.82049],[-73.91677,40.82439],[-73.91588,40.8241],[-73.91622,40.82347],[-73.91182,40.82204],[-73.90991,40.82255],[-73.90129,40.82048]]]},"properties":{"nta2020":"BX0102","ntaname":"Melrose","boroname":"Bronx","ntatype":"0"}},{"type":"Feature","geometry":{"type":"Polygon","coordinates":[[[-73.88245,40.81927],[-73.87806,40.81618],[-73.87663,40.81571],[-73.87673,40.81539],[-73.87239,40.81397],[-73.87096,40.81215],[-73.87057,40.81209],[-73.87055,40.81124],[-73.86811,40.80675],[-73.87175,40.80155],[-73.87355,40.80085],[-73.87468,40.80098],[-73.87527,40.8014],[-73.87586,40.80146],[-73.87593,40.80108],[-73.87814,40.80132],[-73.87797,40.80171],[-73.87823,40.80265],[-73.87921,40.8028],[-73.8837,40.80216],[-73.88396,40.80197],[-73.88369,40.80195],[-73.88372,40.80186],[-73.88505,40.80213],[-73.88727,40.80395],[-73.88796,40.805],[-73.88859,40.80479],[-73.88906,40.80502],[-73.88937,40.80538],[-73.88922,40.80585],[-73.89015,40.80496],[-73.88937,40.80593],[-73.89006,40.8057],[-73.8915,40.80593],[-73.89144,40.80566],[-73.89179,40.80562],[-73.89198,40.80638],[-73.89271,40.80634],[-73.89253,40.80566],[-73.89227,40.8057],[-73.89216,40.8053],[-73.89127,40.80501],[-73.89173,40.80505],[-73.8922,40.80528],[-73.8923,40.80566],[-73.89257,40.80562],[-73.89275,40.80634],[-73.89485,40.80621],[-73.89484,40.80572],[-73.8951,40.80686],[-73.89551,40.8066],[-73.89528,40.80577],[-73.89559,40.80658],[-73.89567,40.80629],[-73.89598,40.80652],[-73.89587,40.80581],[-73.89611,40.8065],[-73.89623,40.80621],[-73.8975,40.80621],[-73.89741,40.8058],[-73.89764,40.8062],[-73.89773,40.80597],[-73.89801,40.80617],[-73.89787,40.80553],[-73.89816,40.80614],[-73.89813,40.80565],[-73.89853,40.80543],[-73.90097,40.80488],[-73.90222,40.80495],[-73.90309,40.80986],[-73.89759,40.81378],[-73.89543,40.81584],[-73.89704,40.8168],[-73.89284,40.82097],[-73.89162,40.82101],[-73.89082,40.82031],[-73.88756,40.82251],[-73.88439,40.82295],[-73.88245,40.81927]]]},"properties":{"nta2020":"BX0201","ntaname":"Hunts Point","boroname":"Bronx","ntatype":"0"}},{"type":"Feature","geometry":{"type":"Polygon","coordinates":[[[-73.88707,40.82319],[-73.89082,40.82031],[-73.89162,40.82101],[-73.89284,40.82097],[-73.89704,40.8168],[-73.89543,40.81584],[-73.89759,40.81378],[-73.90309,40.80986],[-73.90342,40.81151],[-73.90447,40.81228],[-73.90061,40.82211],[-73.90199,40.82244],[-73.90051,40.82601],[-73.90165,40.82626],[-73.90094,40.82793],[-73.8998,40.82768],[-73.89549,40.82825],[-73.89511,40.82804],[-73.89484,40.82625],[-73.89293,40.82679],[-73.8879,40.82674],[-73.8861,40.82766],[-73.88707,40.82319]]]},"properties":{"nta2020":"BX0202","ntaname":"Longwood","boroname":"Bronx","ntatype":"0"}},{"type":"Feature","geometry":{"type":"MultiPolygon","coordinates":[[[[-73.89681,40.79581],[-73.89797,40.79564],[-73.89919,40.7965],[-73.89788,40.79712],[-73.89713,40.7968],[-73.89681,40.79581]]],[[[-73.90838,40.79949],[-73.90813,40.79943],[-73.90796,40.79928],[-73.90803,40.79924],[-73.90838,40.79949]]],[[[-73.90795,40.79954],[-73.90768,40.79939],[-73.9081,40.79954],[-73.90795,40.79954]]],[[[-73.90652,40.80118],[-73.90645,40.80104],[-73.90659,40.80111],[-73.90652,40.80118]]],[[[-73.89833,40.80241],[-73.89647,40.80079],[-73.89864,40.7991],[-73.90021,40.79926],[-73.89979,40.79951],[-73.89972,40.8008],[-73.90004,40.80091],[-73.89949,40.8009],[-73.89939,40.80194],[-73.89833,40.80241]]],[[[-73.90407,40.80352],[-73.9041,40.80342],[-73.90415,40.80346],[-73.90407,40.80352]]],[[[-73.90393,40.80363],[-73.90387,40.80356],[-73.90395,40.80362],[-73.90393,40.80363]]],[[[-73.90374,40.80377],[-73.90369,40.80369],[-73.90377,40.80375],[-73.90374,40.80377]]],[[[-73.90334,40.80386],[-73.90334,40.80377],[-73.90336,40.80386],[-73.90334,40.80386]]],[[[-73.90306,40.80402],[-73.903,40.80392],[-73.90309,40.804],[-73.90306,40.80402]]],[[[-73.90271,40.80416],[-73.9029,40.80414],[-73.90288,40.80416],[-73.90271,40.80416]]]]},"properties":{"nta2020":"BX0291","ntaname":"North & South Brother Islands","boroname":"Bronx","ntatype":"9"}},{"type":"Feature","geometry":{"type":"Polygon","coordinates":[[[-73.89697,40.83434],[-73.8963,40.83354],[-73.89717,40.83037],[-73.8967,40.83041],[-73.8964,40.82876],[-73.89549,40.82825],[-73.8998,40.82768],[-73.90094,40.82793],[-73.90165,40.82626],[-73.90051,40.82601],[-73.90199,40.82244],[-73.90061,40.82211],[-73.90129,40.82048],[-73.90991,40.82255],[-73.91182,40.82204],[-73.91622,40.82347],[-73.91588,40.8241],[-73.91677,40.82439],[-73.91609,40.82484],[-73.91661,40.82499],[-73.91541,40.82577],[-73.91475,40.8252],[-73.91351,40.8248],[-73.91317,40.82546],[-73.91131,40.82485],[-73.91179,40.82643],[-73.91169,40.82776],[-73.90896,40.83023],[-73.90553,40.8291],[-73.90123,40.8355],[-73.89697,40.83434]]]},"properties":{"nta2020":"BX0301","ntaname":"Morrisania","boroname":"Bronx","ntatype":"0"}},{"type":"Feature","geometry":{"type":"Polygon","coordinates":[[[-73.90483,40.84484],[-73.89479,40.84372],[-73.89538,40.84294],[-73.89666,40.84352],[-73.90123,40.8355],[-73.90553,40.8291],[-73.91049,40.83074],[-73.90538,40.83977],[-73.90571,40.83972],[-73.90516,40.84101],[-73.90483,40.84484]]]},"properties":{"nta2020":"BX0302","ntaname":"Claremont Village-Claremont (East)","boroname":"Bronx","ntatype":"0"}},{"type":"Feature","geometry":{"type":"Polygon","coordinates":[[[-73.88005,40.8347],[-73.8839,40.8298],[-73.88352,40.82926],[-73.88461,40.82528],[-73.88439,40.82295],[-73.88789,40.82236],[-73.88707,40.82319],[-73.8861,40.82766],[-73.8879,40.82674],[-73.89293,40.82679],[-73.89484,40.82625],[-73.89511,40.82804],[-73.8964,40.82876],[-73.8967,40.83041],[-73.89717,40.83037],[-73.8963,40.83354],[-73.89697,40.83434],[-73.89386,40.8364],[-73.89057,40.8369],[-73.88874,40.83797],[-73.88841,40.83855],[-73.8873,40.83814],[-73.88618,40.84011],[-73.88465,40.83917],[-73.88418,40.83934],[-73.88271,40.83863],[-73.88201,40.83744],[-73.88223,40.83545],[-73.88005,40.8347]]]},"properties":{"nta2020":"BX0303","ntaname":"Crotona Park East","boroname":"Bronx","ntatype":"0"}},{"type":"Feature","geometry":{"type":"Polygon","coordinates":[[[-73.89666,40.84352],[-73.88942,40.83942],[-73.88869,40.83916],[-73.88814,40.83986],[-73.8866,40.83928],[-73.8873,40.83814],[-73.88841,40.83855],[-73.88874,40.83797],[-73.89057,40.8369],[-73.89386,40.8364],[-73.89697,40.83434],[-73.90122,40.83541],[-73.89666,40.84352]]]},"properties":{"nta2020":"BX0391","ntaname":"Crotona Park","boroname":"Bronx","ntatype":"9"}},{"type":"Feature","geometry":{"type":"Polygon","coordinates":[[[-73.90869,40.83394],[-73.91049,40.83074],[-73.90896,40.83023],[-73.91169,40.82776],[-73.91179,40.82643],[-73.91131,40.82485],[-73.91317,40.82546],[-73.91351,40.8248],[-73.91475,40.8252],[-73.91541,40.82577],[-73.91661,40.82499],[-73.91609,40.82484],[-73.92265,40.82049],[-73.92518,40.81801],[-73.92732,40.81856],[-73.92886,40.81488],[-73.93028,40.81325],[-73.93242,40.81415],[-73.9324,40.82115],[-73.93307,40.82816],[-73.93096,40.82834],[-73.93069,40.82706],[-73.92715,40.82572],[-73.92222,40.83416],[-73.92318,40.83454],[-73.92237,40.83611],[-73.92002,40.83766],[-73.92048,40.83714],[-73.91647,40.83578],[-73.91587,40.83639],[-73.90869,40.83394]]]},"properties":{"nta2020":"BX0401","ntaname":"Concourse-Concourse Village","boroname":"Bronx","ntatype":"0"}},{"type":"Feature","geometry":{"type":"Polygon","coordinates":[[[-73.92286,40.84427],[-73.92282,40.84275],[-73.92132,40.8399],[-73.92224,40.83785],[-73.92237,40.83611],[-73.92403,40.83506],[-73.92538,40.83263],[-73.92826,40.82953],[-73.93034,40.8285],[-73.93307,40.82816],[-73.93361,40.83279],[-73.93314,40.83519],[-73.93052,40.83993],[-73.92862,40.84468],[-73.92805,40.84546],[-73.92393,40.84479],[-73.92286,40.84427]]]},"properties":{"nta2020":"BX0402","ntaname":"Highbridge","boroname":"Bronx","ntatype":"0"}},{"type":"Feature","geometry":{"type":"Polygon","coordinates":[[[-73.90483,40.84475],[-73.90502,40.8424],[-73.90866,40.84272],[-73.90862,40.84302],[-73.90953,40.84306],[-73.90962,40.84211],[-73.90888,40.8389],[-73.9091,40.83773],[-73.90963,40.83713],[-73.90793,40.83724],[-73.90538,40.83977],[-73.90869,40.83394],[-73.91587,40.83639],[-73.91647,40.83578],[-73.92048,40.83714],[-73.92002,40.83766],[-73.92237,40.83611],[-73.92224,40.83785],[-73.92131,40.83981],[-73.92282,40.84275],[-73.92265,40.84475],[-73.91338,40.84514],[-73.90483,40.84475]]]},"properties":{"nta2020":"BX0403","ntaname":"Mount Eden-Claremont (West)","boroname":"Bronx","ntatype":"0"}},{"type":"Feature","geometry":{"type":"Polygon","coordinates":[[[-73.92715,40.82572],[-73.93069,40.82706],[-73.93096,40.82834],[-73.92917,40.82894],[-73.92803,40.82972],[-73.92538,40.83263],[-73.92403,40.83506],[-73.92237,40.83611],[-73.92318,40.83454],[-73.92222,40.83416],[-73.92715,40.82572]]]},"properties":{"nta2020":"BX0491","ntaname":"Yankee Stadium-Macombs Dam Park","boroname":"Bronx","ntatype":"9"}},{"type":"Feature","geometry":{"type":"Polygon","coordinates":[[[-73.90502,40.8424],[-73.90536,40.84035],[-73.90672,40.83835],[-73.90803,40.83719],[-73.90963,40.83713],[-73.9091,40.83773],[-73.90888,40.8389],[-73.90962,40.84211],[-73.90953,40.84306],[-73.90862,40.84302],[-73.90866,40.84272],[-73.90502,40.8424]]]},"properties":{"nta2020":"BX0492","ntaname":"Claremont Park","boroname":"Bronx","ntatype":"9"}},{"type":"Feature","geometry":{"type":"Polygon","coordinates":[[[-73.90487,40.85869],[-73.90566,40.8574],[-73.90468,40.85706],[-73.90522,40.8562],[-73.91058,40.85018],[-73.91419,40.84513],[-73.92265,40.84475],[-73.92286,40.84427],[-73.92393,40.84479],[-73.92805,40.84546],[-73.92465,40.84979],[-73.92256,40.85319],[-73.92134,40.85432],[-73.92152,40.85451],[-73.9208,40.85538],[-73.9203,40.85525],[-73.92053,40.85569],[-73.91902,40.8574],[-73.91741,40.85705],[-73.91719,40.85592],[-73.91721,40.85684],[-73.91616,40.85878],[-73.91508,40.85919],[-73.91543,40.85873],[-73.91328,40.85962],[-73.91057,40.85862],[-73.90967,40.85748],[-73.90777,40.85961],[-73.90487,40.85869]]]},"properties":{"nta2020":"BX0501","ntaname":"University Heights (South)-Morris Heights","boroname":"Bronx","ntatype":"0"}},{"type":"Feature","geometry":{"type":"Polygon","coordinates":[[[-73.8971,40.85517],[-73.89561,40.85457],[-73.90132,40.84447],[-73.91419,40.84513],[-73.91058,40.85018],[-73.90557,40.85579],[-73.90396,40.85496],[-73.90186,40.85459],[-73.90078,40.85605],[-73.89817,40.85515],[-73.89864,40.85391],[-73.8971,40.85517]]]},"properties":{"nta2020":"BX0502","ntaname":"Mount Hope","boroname":"Bronx","ntatype":"0"}},{"type":"Feature","geometry":{"type":"Polygon","coordinates":[[[-73.89694,40.86244],[-73.89138,40.8617],[-73.89322,40.85987],[-73.89644,40.85491],[-73.8971,40.85517],[-73.89864,40.85391],[-73.89817,40.85515],[-73.90078,40.85605],[-73.90186,40.85459],[-73.90396,40.85496],[-73.90557,40.85579],[-73.90468,40.85706],[-73.90566,40.8574],[-73.90351,40.86092],[-73.90254,40.86058],[-73.90108,40.86276],[-73.89944,40.86212],[-73.89694,40.86244]]]},"properties":{"nta2020":"BX0503","ntaname":"Fordham Heights","boroname":"Bronx","ntatype":"0"}},{"type":"Feature","geometry":{"type":"Polygon","coordinates":[[[-73.87283,40.83975],[-73.87393,40.83599],[-73.87673,40.83621],[-73.87925,40.83442],[-73.88223,40.83545],[-73.88201,40.83744],[-73.88271,40.83863],[-73.88418,40.83934],[-73.88465,40.83917],[-73.88618,40.84011],[-73.8852,40.84498],[-73.88352,40.84717],[-73.88312,40.84822],[-73.87734,40.84399],[-73.87818,40.84262],[-73.87459,40.84152],[-73.87401,40.84254],[-73.87211,40.8437],[-73.87185,40.8445],[-73.87117,40.84478],[-73.87096,40.84598],[-73.87036,40.84662],[-73.86987,40.84662],[-73.86889,40.84811],[-73.86956,40.84802],[-73.86921,40.84924],[-73.86786,40.84886],[-73.86835,40.84708],[-73.86893,40.84688],[-73.86864,40.84531],[-73.86804,40.84481],[-73.871,40.84311],[-73.8736,40.8398],[-73.87283,40.83975]]]},"properties":{"nta2020":"BX0601","ntaname":"West Farms","boroname":"Bronx","ntatype":"0"}},{"type":"Feature","geometry":{"type":"Polygon","coordinates":[[[-73.88312,40.84822],[-73.88352,40.84717],[-73.8852,40.84498],[-73.88618,40.84011],[-73.8866,40.83928],[-73.88814,40.83986],[-73.88869,40.83916],[-73.88942,40.83942],[-73.89538,40.84294],[-73.89479,40.84372],[-73.90132,40.84447],[-73.89534,40.8547],[-73.894,40.85425],[-73.89421,40.85385],[-73.89217,40.85277],[-73.89039,40.85469],[-73.88961,40.85362],[-73.88997,40.8521],[-73.88824,40.85104],[-73.88736,40.85087],[-73.88312,40.84822]]]},"properties":{"nta2020":"BX0602","ntaname":"Tremont","boroname":"Bronx","ntatype":"0"}},{"type":"Feature","geometry":{"type":"Polygon","coordinates":[[[-73.88363,40.86726],[-73.88268,40.86609],[-73.88377,40.86531],[-73.88392,40.86442],[-73.88201,40.86205],[-73.88074,40.86113],[-73.88051,40.86048],[-73.88101,40.85827],[-73.88073,40.85668],[-73.88312,40.84822],[-73.88736,40.85087],[-73.88824,40.85104],[-73.88997,40.8521],[-73.88961,40.85362],[-73.89039,40.85469],[-73.89217,40.85277],[-73.89421,40.85385],[-73.894,40.85425],[-73.89644,40.85491],[-73.89322,40.85987],[-73.89138,40.8617],[-73.89177,40.86187],[-73.8889,40.86475],[-73.88812,40.86425],[-73.88683,40.86539],[-73.88363,40.86726]]]},"properties":{"nta2020":"BX0603","ntaname":"Belmont","boroname":"Bronx","ntatype":"0"}},{"type":"Feature","geometry":{"type":"Polygon","coordinates":[[[-73.90746,40.87355],[-73.90452,40.8725],[-73.90442,40.87036],[-73.90319,40.86915],[-73.89942,40.86788],[-73.8996,40.86873],[-73.89892,40.86966],[-73.89656,40.86857],[-73.8974,40.86747],[-73.89412,40.86594],[-73.89372,40.86529],[-73.89323,40.86527],[-73.89016,40.86348],[-73.89177,40.86187],[-73.89694,40.86244],[-73.89944,40.86212],[-73.90108,40.86276],[-73.90254,40.86058],[-73.90351,40.86092],[-73.90487,40.85869],[-73.90777,40.85961],[-73.90967,40.85748],[-73.91057,40.85862],[-73.91328,40.85962],[-73.91543,40.85873],[-73.91508,40.85919],[-73.91616,40.85878],[-73.91721,40.85684],[-73.91719,40.85592],[-73.91741,40.85705],[-73.91902,40.8574],[-73.91721,40.85893],[-73.91341,40.86337],[-73.91276,40.86303],[-73.91227,40.86363],[-73.9128,40.8639],[-73.91253,40.8638],[-73.91268,40.86402],[-73.91044,40.86653],[-73.9095,40.86883],[-73.90865,40.87139],[-73.90893,40.87216],[-73.90774,40.87285],[-73.90746,40.87355]]]},"properties":{"nta2020":"BX0701","ntaname":"University Heights (North)-Fordham","boroname":"Bronx","ntatype":"0"}},{"type":"Feature","geometry":{"type":"Polygon","coordinates":[[[-73.88713,40.88282],[-73.88595,40.88051],[-73.88568,40.87887],[-73.88528,40.87922],[-73.88346,40.87606],[-73.8834,40.87395],[-73.88255,40.87246],[-73.88147,40.86857],[-73.88683,40.86539],[-73.88812,40.86425],[-73.8889,40.86475],[-73.89016,40.86348],[-73.89323,40.86527],[-73.89372,40.86529],[-73.89412,40.86594],[-73.8974,40.86747],[-73.89656,40.86857],[-73.89892,40.86966],[-73.89779,40.87086],[-73.89811,40.87311],[-73.89873,40.87401],[-73.90022,40.87439],[-73.90042,40.87512],[-73.89981,40.8764],[-73.89703,40.87952],[-73.89638,40.88182],[-73.89553,40.88246],[-73.8942,40.88302],[-73.89163,40.88234],[-73.88713,40.88282]]]},"properties":{"nta2020":"BX0702","ntaname":"Bedford Park","boroname":"Bronx","ntatype":"0"}},{"type":"Feature","geometry":{"type":"Polygon","coordinates":[[[-73.87495,40.87995],[-73.87015,40.88035],[-73.87161,40.87692],[-73.87519,40.87158],[-73.87694,40.86995],[-73.88309,40.8666],[-73.88363,40.86726],[-73.88147,40.86857],[-73.88255,40.87246],[-73.8834,40.87395],[-73.88346,40.87606],[-73.88528,40.87922],[-73.88568,40.87887],[-73.88595,40.88051],[-73.88717,40.88258],[-73.88705,40.88435],[-73.88422,40.8832],[-73.88275,40.8834],[-73.88124,40.88271],[-73.87804,40.88712],[-73.87761,40.88452],[-73.87813,40.88215],[-73.8747,40.88155],[-73.87495,40.87995]]]},"properties":{"nta2020":"BX0703","ntaname":"Norwood","boroname":"Bronx","ntatype":"0"}},{"type":"Feature","geometry":{"type":"Polygon","coordinates":[[[-73.88705,40.88435],[-73.88713,40.88282],[-73.89163,40.88234],[-73.89433,40.88301],[-73.89638,40.88182],[-73.8969,40.87973],[-73.89981,40.8764],[-73.90042,40.87512],[-73.90011,40.87431],[-73.89844,40.87376],[-73.89782,40.87196],[-73.89779,40.87086],[-73.8996,40.86873],[-73.89942,40.86788],[-73.90236,40.8687],[-73.90442,40.87036],[-73.90447,40.87242],[-73.90615,40.87326],[-73.90453,40.87706],[-73.90339,40.87899],[-73.89782,40.88508],[-73.89668,40.88596],[-73.88705,40.88435]]]},"properties":{"nta2020":"BX0801","ntaname":"Kingsbridge Heights-Van Cortlandt Village","boroname":"Bronx","ntatype":"0"}},{"type":"Feature","geometry":{"type":"Polygon","coordinates":[[[-73.89791,40.89055],[-73.8999,40.88656],[-73.89668,40.88596],[-73.8986,40.8844],[-73.90377,40.87853],[-73.90615,40.87326],[-73.90746,40.87355],[-73.90774,40.87285],[-73.90893,40.87216],[-73.91092,40.87415],[-73.91579,40.87572],[-73.91485,40.87667],[-73.91206,40.87812],[-73.91149,40.87902],[-73.91033,40.87904],[-73.90968,40.87951],[-73.91049,40.88053],[-73.90938,40.88136],[-73.90802,40.8832],[-73.90759,40.88439],[-73.90414,40.88708],[-73.90286,40.88916],[-73.90081,40.88894],[-73.89854,40.89039],[-73.89845,40.89071],[-73.89791,40.89055]]]},"properties":{"nta2020":"BX0802","ntaname":"Kingsbridge-Marble Hill","boroname":"Bronx","ntatype":"0"}},{"type":"Feature","geometry":{"type":"Polygon","coordinates":[[[-73.89663,40.91142],[-73.89636,40.9032],[-73.89716,40.89937],[-73.89643,40.89366],[-73.89791,40.89055],[-73.89845,40.89071],[-73.89854,40.89039],[-73.90087,40.88892],[-73.90286,40.88916],[-73.90414,40.88708],[-73.90759,40.88439],[-73.90802,40.8832],[-73.90938,40.88136],[-73.91049,40.88053],[-73.90968,40.87951],[-73.91033,40.87904],[-73.91149,40.87902],[-73.91206,40.87812],[-73.91485,40.87667],[-73.91579,40.87572],[-73.91776,40.87566],[-73.91908,40.87606],[-73.92274,40.87891],[-73.9249,40.87889],[-73.92381,40.88032],[-73.92039,40.88765],[-73.91518,40.90158],[-73.91543,40.90181],[-73.91501,40.90308],[-73.91459,40.90412],[-73.91419,40.90414],[-73.91287,40.90754],[-73.91311,40.90785],[-73.91265,40.90807],[-73.91149,40.91223],[-73.91165,40.91342],[-73.91033,40.91553],[-73.89663,40.91142]]]},"properties":{"nta2020":"BX0803","ntaname":"Riverdale-Spuyten Duyvil","boroname":"Bronx","ntatype":"0"}},{"type":"Feature","geometry":{"type":"Polygon","coordinates":[[[-73.86272,40.83292],[-73.86367,40.8327],[-73.86264,40.82817],[-73.86067,40.82842],[-73.8597,40.82628],[-73.87357,40.82442],[-73.87247,40.82015],[-73.87981,40.81916],[-73.88098,40.81824],[-73.88245,40.81927],[-73.88464,40.82381],[-73.88439,40.82682],[-73.88352,40.82926],[-73.8839,40.8298],[-73.88005,40.8347],[-73.87925,40.83442],[-73.87673,40.83621],[-73.87393,40.83599],[-73.87283,40.83975],[-73.86921,40.8396],[-73.86448,40.84109],[-73.86394,40.84004],[-73.86272,40.83292]]]},"properties":{"nta2020":"BX0901","ntaname":"Soundview-Bruckner-Bronx River","boroname":"Bronx","ntatype":"0"}},{"type":"Feature","geometry":{"type":"Polygon","coordinates":[[[-73.84577,40.81158],[-73.84617,40.81068],[-73.8472,40.81058],[-73.84821,40.81246],[-73.8506,40.81393],[-73.85301,40.81458],[-73.85262,40.81406],[-73.85337,40.81359],[-73.85532,40.81441],[-73.85471,40.81384],[-73.85347,40.81348],[-73.85256,40.81374],[-73.8512,40.81355],[-73.84921,40.81238],[-73.84905,40.81199],[-73.84938,40.81129],[-73.84917,40.81092],[-73.85004,40.80922],[-73.84973,40.80888],[-73.84995,40.80871],[-73.84955,40.80872],[-73.84997,40.80858],[-73.84961,40.80812],[-73.84876,40.80834],[-73.84952,40.80806],[-73.84842,40.80737],[-73.84838,40.80636],[-73.84754,40.80593],[-73.84749,40.80545],[-73.84865,40.8047],[-73.84933,40.80505],[-73.84941,40.80467],[-73.84943,40.80506],[-73.84982,40.80509],[-73.8502,40.80451],[-73.85407,40.80446],[-73.85585,40.80451],[-73.85663,40.80483],[-73.85569,40.80468],[-73.85572,40.80512],[-73.85724,40.80531],[-73.85683,40.80491],[-73.85813,40.80547],[-73.85891,40.80591],[-73.85831,40.806],[-73.85852,40.80664],[-73.85905,40.80656],[-73.85897,40.80597],[-73.85937,40.80668],[-73.85938,40.80757],[-73.85916,40.80688],[-73.85867,40.80683],[-73.85839,40.80826],[-73.85895,40.81027],[-73.86013,40.80961],[-73.85933,40.809],[-73.8594,40.80817],[-73.86024,40.80945],[-73.86229,40.80995],[-73.86111,40.81115],[-73.86436,40.81301],[-73.86462,40.81422],[-73.86513,40.81415],[-73.86522,40.81453],[-73.86658,40.81437],[-73.86891,40.81512],[-73.86954,40.81609],[-73.87146,40.82472],[-73.85636,40.82675],[-73.8562,40.82604],[-73.85597,40.82606],[-73.85362,40.81609],[-73.85164,40.81636],[-73.85093,40.81434],[-73.84705,40.81483],[-73.84664,40.81303],[-73.84611,40.8131],[-73.84647,40.81231],[-73.84632,40.81169],[-73.84577,40.81158]]]},"properties":{"nta2020":"BX0902","ntaname":"Soundview-Clason Point","boroname":"Bronx","ntatype":"0"}},{"type":"Feature","geometry":{"type":"MultiPolygon","coordinates":[[[[-73.83603,40.82388],[-73.83604,40.81778],[-73.83644,40.81782],[-73.8364,40.81889],[-73.83697,40.81637],[-73.83974,40.81641],[-73.84019,40.81719],[-73.84008,40.81786],[-73.83868,40.81959],[-73.83906,40.8198],[-73.83888,40.82214],[-73.84229,40.8287],[-73.83702,40.82905],[-73.83603,40.82388]]],[[[-73.84849,40.83452],[-73.84728,40.82931],[-73.84505,40.8288],[-73.84532,40.82843],[-73.84292,40.82862],[-73.83983,40.82157],[-73.84,40.81993],[-73.84199,40.81877],[-73.84209,40.81806],[-73.84374,40.81532],[-73.84521,40.81189],[-73.84577,40.81158],[-73.84632,40.81169],[-73.84647,40.81231],[-73.84611,40.8131],[-73.84664,40.81303],[-73.84705,40.81483],[-73.85093,40.81434],[-73.85164,40.81636],[-73.85362,40.81609],[-73.85597,40.82606],[-73.8562,40.82604],[-73.85636,40.82675],[-73.8597,40.82628],[-73.86067,40.82842],[-73.86264,40.82817],[-73.86367,40.8327],[-73.86085,40.83361],[-73.86034,40.83325],[-73.84849,40.83452]]]]},"properties":{"nta2020":"BX0903","ntaname":"Castle Hill-Unionport","boroname":"Bronx","ntatype":"0"}},{"type":"Feature","geometry":{"type":"Polygon","coordinates":[[[-73.85168,40.8342],[-73.86034,40.83325],[-73.86085,40.83361],[-73.86272,40.83292],[-73.86394,40.84004],[-73.86448,40.84109],[-73.85334,40.84247],[-73.85168,40.8342]]]},"properties":{"nta2020":"BX0904","ntaname":"Parkchester","boroname":"Bronx","ntatype":"0"}},{"type":"Feature","geometry":{"type":"Polygon","coordinates":[[[-73.86229,40.80995],[-73.86766,40.81058],[-73.87078,40.81449],[-73.87652,40.81613],[-73.87663,40.81571],[-73.87806,40.81618],[-73.88098,40.81824],[-73.87981,40.81916],[-73.87247,40.82015],[-73.87357,40.82442],[-73.87146,40.82472],[-73.86954,40.81609],[-73.86891,40.81512],[-73.86818,40.81481],[-73.86658,40.81437],[-73.86522,40.81453],[-73.86513,40.81415],[-73.86462,40.81422],[-73.86436,40.81301],[-73.86111,40.81115],[-73.86229,40.80995]]]},"properties":{"nta2020":"BX0991","ntaname":"Soundview Park","boroname":"Bronx","ntatype":"9"}},{"type":"Feature","geometry":{"type":"Polygon","coordinates":[[[-73.84202,40.84066],[-73.83937,40.84088],[-73.83972,40.83957],[-73.8403,40.83952],[-73.83941,40.8346],[-73.83992,40.83332],[-73.84276,40.83082],[-73.8431,40.82996],[-73.84292,40.82862],[-73.84532,40.82843],[-73.84505,40.8288],[-73.84728,40.82931],[-73.84849,40.83452],[-73.85168,40.8342],[-73.85334,40.84247],[-73.84806,40.84307],[-73.84623,40.84449],[-73.84788,40.84599],[-73.84578,40.84797],[-73.84489,40.8502],[-73.84504,40.8487],[-73.84461,40.84625],[-73.84491,40.84543],[-73.84146,40.84096],[-73.84202,40.84066]]]},"properties":{"nta2020":"BX1001","ntaname":"Westchester Square","boroname":"Bronx","ntatype":"0"}},{"type":"Feature","geometry":{"type":"Polygon","coordinates":[[[-73.82611,40.84534],[-73.82585,40.83706],[-73.8254,40.83566],[-73.82622,40.83435],[-73.82601,40.83402],[-73.82516,40.83461],[-73.82463,40.83386],[-73.82379,40.8343],[-73.81553,40.83598],[-73.81606,40.83577],[-73.81601,40.83551],[-73.81557,40.83553],[-73.81608,40.83536],[-73.81608,40.83459],[-73.81566,40.83449],[-73.81603,40.83435],[-73.81601,40.83398],[-73.81488,40.83103],[-73.81447,40.83114],[-73.81476,40.83082],[-73.81452,40.83062],[-73.81391,40.83092],[-73.8139,40.83091],[-73.81451,40.83061],[-73.81431,40.83036],[-73.81386,40.83056],[-73.8143,40.83035],[-73.81367,40.82989],[-73.81389,40.82978],[-73.81338,40.82939],[-73.81339,40.82902],[-73.8129,40.82895],[-73.81318,40.8288],[-73.81275,40.82825],[-73.80993,40.82818],[-73.8101,40.82782],[-73.81105,40.82798],[-73.81004,40.82778],[-73.81264,40.82784],[-73.81265,40.82756],[-73.81385,40.8268],[-73.81372,40.82627],[-73.81292,40.82635],[-73.81399,40.82607],[-73.81395,40.82573],[-73.81342,40.82593],[-73.81394,40.82572],[-73.8138,40.8253],[-73.81211,40.82555],[-73.81328,40.82516],[-73.81315,40.82487],[-73.81404,40.82448],[-73.81389,40.82409],[-73.81327,40.82397],[-73.81275,40.82478],[-73.81177,40.82434],[-73.81103,40.82471],[-73.81087,40.82511],[-73.81076,40.8249],[-73.80965,40.82528],[-73.80909,40.82587],[-73.80767,40.8259],[-73.80656,40.82461],[-73.80679,40.82399],[-73.80646,40.8238],[-73.8066,40.82334],[-73.80624,40.82331],[-73.80645,40.823],[-73.80595,40.82288],[-73.80622,40.82266],[-73.80582,40.82177],[-73.80599,40.82082],[-73.80573,40.82018],[-73.80452,40.81893],[-73.80337,40.81825],[-73.80205,40.81855],[-73.79759,40.81651],[-73.79738,40.81576],[-73.79771,40.81551],[-73.79903,40.81554],[-73.80011,40.81402],[-73.80092,40.81376],[-73.80175,40.81287],[-73.8014,40.81236],[-73.80176,40.81286],[-73.80278,40.81247],[-73.80361,40.81252],[-73.80352,40.81292],[-73.80378,40.81281],[-73.80361,40.81304],[-73.80436,40.81361],[-73.80415,40.81373],[-73.80351,40.81294],[-73.80322,40.81336],[-73.80346,40.8134],[-73.80453,40.81425],[-73.80322,40.81337],[-73.80352,40.81395],[-73.80439,40.81454],[-73.80515,40.81567],[-73.80658,40.81659],[-73.80508,40.8152],[-73.80455,40.81463],[-73.80466,40.81454],[-73.80633,40.81614],[-73.80672,40.81658],[-73.80661,40.81666],[-73.80693,40.81657],[-73.80654,40.81589],[-73.80705,40.81653],[-73.8064,40.8157],[-73.80663,40.81559],[-73.80546,40.81469],[-73.80545,40.81338],[-73.80496,40.81216],[-73.80391,40.81211],[-73.80235,40.81004],[-73.80101,40.81071],[-73.80147,40.81014],[-73.79854,40.80959],[-73.79229,40.80685],[-73.7914,40.807],[-73.79152,40.80749],[-73.79086,40.80734],[-73.79073,40.80659],[-73.79012,40.80577],[-73.79028,40.80482],[-73.79104,40.80426],[-73.79225,40.804],[-73.79339,40.8042],[-73.79578,40.80616],[-73.79621,40.80597],[-73.79637,40.80628],[-73.79792,40.80671],[-73.80159,40.80899],[-73.80278,40.80912],[-73.80393,40.80853],[-73.80714,40.81066],[-73.80857,40.81216],[-73.81016,40.81299],[-73.81078,40.81277],[-73.814,40.81355],[-73.81443,40.81352],[-73.8145,40.81291],[-73.81448,40.81352],[-73.81566,40.81351],[-73.81648,40.81385],[-73.81736,40.81338],[-73.81792,40.81354],[-73.81794,40.8133],[-73.81798,40.8133],[-73.81804,40.81353],[-73.81982,40.81318],[-73.82011,40.81286],[-73.82056,40.81302],[-73.82024,40.81243],[-73.82107,40.8122],[-73.82032,40.81244],[-73.82113,40.81245],[-73.82044,40.81266],[-73.82059,40.81302],[-73.82228,40.81266],[-73.82217,40.81235],[-73.82231,40.81266],[-73.82426,40.81211],[-73.82506,40.81183],[-73.82481,40.81144],[-73.82524,40.81176],[-73.82488,40.81127],[-73.82527,40.81175],[-73.82549,40.81166],[-73.82523,40.81121],[-73.82565,40.81159],[-73.82536,40.81103],[-73.82567,40.81158],[-73.8255,40.81103],[-73.82581,40.81153],[-73.82577,40.81122],[-73.82596,40.81147],[-73.82631,40.81128],[-73.82841,40.81488],[-73.82317,40.81668],[-73.82672,40.82182],[-73.82833,40.82104],[-73.82946,40.82238],[-73.82464,40.82476],[-73.83683,40.82844],[-73.83702,40.82905],[-73.84229,40.8287],[-73.84233,40.82907],[-73.84189,40.83071],[-73.83888,40.8336],[-73.83919,40.83871],[-73.83959,40.8388],[-73.83972,40.83957],[-73.83957,40.84055],[-73.83937,40.84088],[-73.83762,40.84028],[-73.83767,40.84112],[-73.83683,40.84346],[-73.83043,40.84386],[-73.82611,40.84534]]]},"properties":{"nta2020":"BX1002","ntaname":"Throgs Neck-Schuylerville","boroname":"Bronx","ntatype":"0"}},{"type":"Feature","geometry":{"type":"MultiPolygon","coordinates":[[[[-73.78833,40.83467],[-73.78931,40.83446],[-73.78951,40.83536],[-73.78846,40.83531],[-73.78833,40.83467]]],[[[-73.81514,40.84908],[-73.8159,40.84782],[-73.8156,40.84766],[-73.81613,40.84739],[-73.81603,40.8464],[-73.81572,40.84629],[-73.81546,40.8466],[-73.81463,40.84714],[-73.81465,40.84722],[-73.81451,40.84711],[-73.8157,40.84629],[-73.81369,40.84727],[-73.81356,40.84715],[-73.81491,40.84647],[-73.81442,40.84619],[-73.81503,40.8455],[-73.81319,40.84623],[-73.81403,40.84559],[-73.81369,40.84566],[-73.81394,40.84551],[-73.81363,40.84528],[-73.81336,40.84585],[-73.81329,40.84595],[-73.81321,40.84592],[-73.81362,40.84528],[-73.81326,40.84523],[-73.81285,40.84632],[-73.81324,40.84524],[-73.8131,40.84517],[-73.81288,40.84513],[-73.81316,40.84521],[-73.81286,40.84519],[-73.81241,40.84656],[-73.81228,40.84654],[-73.81284,40.84518],[-73.81261,40.84511],[-73.81286,40.84513],[-73.81254,40.84498],[-73.81188,40.84659],[-73.81244,40.84674],[-73.8117,40.84668],[-73.81266,40.84421],[-73.81299,40.84452],[-73.81265,40.84466],[-73.81312,40.84479],[-73.81264,40.84468],[-73.81255,40.84495],[-73.81368,40.84506],[-73.81417,40.84478],[-73.8137,40.84485],[-73.81418,40.84468],[-73.81347,40.84426],[-73.81348,40.84365],[-73.815,40.8435],[-73.81567,40.84443],[-73.81631,40.8444],[-73.81644,40.84406],[-73.8175,40.84437],[-73.81824,40.84436],[-73.81819,40.84411],[-73.81769,40.84427],[-73.81663,40.84394],[-73.81572,40.84254],[-73.81517,40.84258],[-73.8157,40.84252],[-73.81542,40.84239],[-73.81558,40.84184],[-73.81526,40.84126],[-73.81473,40.84138],[-73.81523,40.84101],[-73.81481,40.8398],[-73.81437,40.83987],[-73.8148,40.83979],[-73.81472,40.83959],[-73.81432,40.83965],[-73.81431,40.83962],[-73.81628,40.83823],[-73.81648,40.83766],[-73.81606,40.83603],[-73.82379,40.8343],[-73.82463,40.83386],[-73.82516,40.83461],[-73.82601,40.83402],[-73.82622,40.83435],[-73.8254,40.83566],[-73.82585,40.83706],[-73.82624,40.84299],[-73.82518,40.8427],[-73.82496,40.84611],[-73.82048,40.8485],[-73.82014,40.84802],[-73.8163,40.84857],[-73.81514,40.84908]]],[[[-73.83043,40.84386],[-73.83683,40.84346],[-73.83615,40.84613],[-73.83556,40.85196],[-73.83464,40.85382],[-73.83228,40.85518],[-73.8286,40.85572],[-73.8272,40.85329],[-73.82713,40.85187],[-73.828,40.84863],[-73.82611,40.84534],[-73.83043,40.84386]]],[[[-73.78922,40.85874],[-73.78877,40.8584],[-73.78878,40.85742],[-73.78804,40.85756],[-73.78803,40.85751],[-73.78878,40.8574],[-73.7889,40.85657],[-73.78836,40.85563],[-73.78848,40.8544],[-73.78835,40.85415],[-73.78756,40.85438],[-73.78735,40.85439],[-73.78835,40.85413],[-73.78691,40.85406],[-73.788,40.85352],[-73.78588,40.85179],[-73.78338,40.85159],[-73.7846,40.8511],[-73.78445,40.85077],[-73.78384,40.85069],[-73.7842,40.85006],[-73.78353,40.84922],[-73.78304,40.84907],[-73.78154,40.8494],[-73.78214,40.8491],[-73.78143,40.8488],[-73.78149,40.84858],[-73.78267,40.84814],[-73.78098,40.84846],[-73.78264,40.84807],[-73.78148,40.84788],[-73.78143,40.84746],[-73.78208,40.84713],[-73.78216,40.84664],[-73.7804,40.84693],[-73.78106,40.8468],[-73.78115,40.84625],[-73.78111,40.84675],[-73.78174,40.84641],[-73.78109,40.8468],[-73.78251,40.84641],[-73.7825,40.84566],[-73.78309,40.84552],[-73.78315,40.84531],[-73.78307,40.84551],[-73.78242,40.84568],[-73.78182,40.84576],[-73.78305,40.8455],[-73.78306,40.84509],[-73.78182,40.84548],[-73.78307,40.84506],[-73.78315,40.8453],[-73.78298,40.84468],[-73.78337,40.84444],[-73.78301,40.84417],[-73.78348,40.84368],[-73.78291,40.84394],[-73.78053,40.84453],[-73.77993,40.84388],[-73.78053,40.84445],[-73.7804,40.84397],[-73.78058,40.84443],[-73.78106,40.84433],[-73.78088,40.84386],[-73.78109,40.84432],[-73.78155,40.84422],[-73.78138,40.8437],[-73.78158,40.84421],[-73.78201,40.84411],[-73.78183,40.84358],[-73.78204,40.8441],[-73.78244,40.84401],[-73.78225,40.84344],[-73.78247,40.844],[-73.78282,40.84392],[-73.78257,40.84329],[-73.78278,40.84375],[-73.78309,40.84369],[-73.78287,40.84312],[-73.78313,40.8437],[-73.78281,40.84378],[-73.78284,40.84389],[-73.78347,40.84365],[-73.78289,40.84249],[-73.78282,40.84276],[-73.7823,40.84261],[-73.78244,40.84304],[-73.78227,40.84261],[-73.7818,40.8427],[-73.78193,40.84323],[-73.78177,40.8427],[-73.78125,40.8428],[-73.78143,40.84337],[-73.78122,40.8428],[-73.78067,40.84291],[-73.78083,40.84351],[-73.78064,40.84291],[-73.7803,40.84297],[-73.78023,40.84378],[-73.78023,40.84288],[-73.78286,40.84248],[-73.7806,40.84279],[-73.78237,40.84243],[-73.78162,40.84233],[-73.78231,40.84221],[-73.78233,40.84192],[-73.78144,40.84214],[-73.78232,40.8419],[-73.78217,40.84169],[-73.78035,40.84211],[-73.78043,40.84249],[-73.7802,40.84205],[-73.78185,40.84165],[-73.78166,40.84112],[-73.78084,40.84128],[-73.78089,40.84155],[-73.7808,40.84126],[-73.78165,40.8411],[-73.78139,40.84104],[-73.78161,40.841],[-73.78137,40.84098],[-73.78159,40.84094],[-73.78154,40.84039],[-73.78125,40.84026],[-73.78149,40.8402],[-73.78114,40.83949],[-73.782,40.83802],[-73.78188,40.83765],[-73.78291,40.83732],[-73.78282,40.83634],[-73.78338,40.83691],[-73.7841,40.83673],[-73.78448,40.83702],[-73.78498,40.83675],[-73.7845,40.83706],[-73.78485,40.83747],[-73.78564,40.83706],[-73.78583,40.83721],[-73.78517,40.83747],[-73.78558,40.83793],[-73.78574,40.83923],[-73.78653,40.83972],[-73.78741,40.83968],[-73.78749,40.84084],[-73.78818,40.84071],[-73.78816,40.84049],[-73.78825,40.84075],[-73.78752,40.84088],[-73.78786,40.84108],[-73.78761,40.8412],[-73.78837,40.8415],[-73.78802,40.84178],[-73.78829,40.84179],[-73.78806,40.84187],[-73.78838,40.84238],[-73.78884,40.84235],[-73.78853,40.84243],[-73.78906,40.84324],[-73.78993,40.84304],[-73.7898,40.84359],[-73.78934,40.84368],[-73.78947,40.84429],[-73.79067,40.84574],[-73.79099,40.84565],[-73.7907,40.84579],[-73.79097,40.84636],[-73.79149,40.84625],[-73.79118,40.84656],[-73.79179,40.84673],[-73.79137,40.84689],[-73.79144,40.84731],[-73.79177,40.84723],[-73.79192,40.84726],[-73.79127,40.8476],[-73.79133,40.84806],[-73.79162,40.84805],[-73.79134,40.84809],[-73.79101,40.84899],[-73.78976,40.84953],[-73.78986,40.84997],[-73.79095,40.84974],[-73.79099,40.84983],[-73.78987,40.84999],[-73.79002,40.85032],[-73.79036,40.85014],[-73.78989,40.85046],[-73.79027,40.85096],[-73.78951,40.8513],[-73.78956,40.85149],[-73.79099,40.85126],[-73.78966,40.8515],[-73.79089,40.85155],[-73.7902,40.85175],[-73.79046,40.85177],[-73.79008,40.85203],[-73.79016,40.85225],[-73.79016,40.85204],[-73.79027,40.85222],[-73.79081,40.8521],[-73.79056,40.85194],[-73.79079,40.85186],[-73.79085,40.85209],[-73.79101,40.85186],[-73.79249,40.85155],[-73.79177,40.85177],[-73.79206,40.85183],[-73.79017,40.85228],[-73.79114,40.85206],[-73.79124,40.85228],[-73.79318,40.85181],[-73.79312,40.85158],[-73.79324,40.85193],[-73.79125,40.8523],[-73.79138,40.8526],[-73.79341,40.85202],[-73.79351,40.85226],[-73.79042,40.85302],[-73.79101,40.85312],[-73.79282,40.85249],[-73.7929,40.8527],[-73.79081,40.8532],[-73.79127,40.85371],[-73.79252,40.85341],[-73.79241,40.85305],[-73.79256,40.8534],[-73.79298,40.8533],[-73.79288,40.85294],[-73.79304,40.85337],[-73.79106,40.85392],[-73.79246,40.8536],[-73.79107,40.85394],[-73.79254,40.85385],[-73.79179,40.854],[-73.79192,40.85422],[-73.79129,40.85458],[-73.7925,40.85579],[-73.79202,40.85618],[-73.79257,40.85626],[-73.79201,40.85623],[-73.7919,40.85655],[-73.79309,40.85669],[-73.79189,40.85657],[-73.79171,40.85685],[-73.7922,40.85715],[-73.79243,40.85693],[-73.79222,40.85715],[-73.79283,40.85744],[-73.79301,40.857],[-73.79288,40.85748],[-73.79186,40.857],[-73.79268,40.85742],[-73.79211,40.85717],[-73.79189,40.85744],[-73.79257,40.85764],[-73.7924,40.85785],[-73.79174,40.85739],[-73.79209,40.85716],[-73.79184,40.85703],[-73.79094,40.85755],[-73.79179,40.85778],[-73.79144,40.85815],[-73.79162,40.8579],[-73.79093,40.85757],[-73.79024,40.85815],[-73.7902,40.8586],[-73.78922,40.85874]]],[[[-73.78457,40.86053],[-73.78437,40.85985],[-73.78514,40.85879],[-73.78608,40.85927],[-73.78669,40.85869],[-73.78773,40.85877],[-73.787,40.86022],[-73.78457,40.86053]]]]},"properties":{"nta2020":"BX1003","ntaname":"Pelham Bay-Country Club-City Island","boroname":"Bronx","ntatype":"0"}},{"type":"Feature","geometry":{"type":"Polygon","coordinates":[[[-73.82024,40.88549],[-73.82005,40.88211],[-73.8233,40.8731],[-73.82127,40.86907],[-73.81579,40.86576],[-73.817,40.86446],[-73.81684,40.86431],[-73.81992,40.86178],[-73.82722,40.85921],[-73.82802,40.86064],[-73.82956,40.86216],[-73.83369,40.87045],[-73.8348,40.87372],[-73.83469,40.87654],[-73.83377,40.87872],[-73.83246,40.88021],[-73.82986,40.88217],[-73.82606,40.88415],[-73.82661,40.88465],[-73.82206,40.88611],[-73.82119,40.88594],[-73.82082,40.88534],[-73.82024,40.88549]]]},"properties":{"nta2020":"BX1004","ntaname":"Co-op City","boroname":"Bronx","ntatype":"0"}},{"type":"Feature","geometry":{"type":"MultiPolygon","coordinates":[[[[-73.78069,40.85493],[-73.78101,40.85488],[-73.78123,40.8554],[-73.78087,40.85553],[-73.78069,40.85493]]],[[[-73.7833,40.85585],[-73.7826,40.85482],[-73.78386,40.85483],[-73.7833,40.85585]]],[[[-73.76783,40.85444],[-73.76856,40.85324],[-73.76904,40.85329],[-73.76939,40.85254],[-73.76861,40.85079],[-73.7696,40.84759],[-73.76789,40.84529],[-73.76901,40.8451],[-73.77157,40.8475],[-73.77089,40.84975],[-73.77205,40.85162],[-73.77296,40.85216],[-73.77265,40.85222],[-73.77289,40.8524],[-73.77246,40.85211],[-73.77245,40.85244],[-73.77173,40.85248],[-73.77172,40.853],[-73.7723,40.85309],[-73.77235,40.85385],[-73.77296,40.8538],[-73.77296,40.85414],[-73.77233,40.8539],[-73.77214,40.85441],[-73.77219,40.85999],[-73.77085,40.8601],[-73.76947,40.85933],[-73.76836,40.85836],[-73.76836,40.85766],[-73.76533,40.85504],[-73.76783,40.85444]]]]},"properties":{"nta2020":"BX1071","ntaname":"Hart Island","boroname":"Bronx","ntatype":"7"}},{"type":"Feature","geometry":{"type":"Polygon","coordinates":[[[-73.83534,40.82819],[-73.82464,40.82476],[-73.82946,40.82238],[-73.82833,40.82104],[-73.82672,40.82182],[-73.82317,40.81668],[-73.82841,40.81488],[-73.82631,40.81128],[-73.82898,40.81131],[-73.83124,40.81],[-73.83184,40.80926],[-73.83221,40.80794],[-73.8314,40.80517],[-73.83248,40.80494],[-73.83457,40.80522],[-73.83744,40.8062],[-73.83806,40.80704],[-73.83826,40.8082],[-73.84026,40.81144],[-73.84043,40.81254],[-73.84027,40.81328],[-73.83963,40.81401],[-73.83974,40.81641],[-73.83697,40.81637],[-73.8364,40.81889],[-73.83644,40.81782],[-73.83604,40.81778],[-73.836,40.8236],[-73.83683,40.82844],[-73.83534,40.82819]]]},"properties":{"nta2020":"BX1091","ntaname":"Ferry Point Park-St. Raymond Cemetery","boroname":"Bronx","ntatype":"9"}},{"type":"Feature","geometry":{"type":"Polygon","coordinates":[[[-73.86179,40.85798],[-73.86212,40.85081],[-73.86304,40.85061],[-73.86251,40.84836],[-73.86119,40.8486],[-73.86039,40.84824],[-73.85738,40.84372],[-73.85334,40.84247],[-73.86347,40.84131],[-73.86921,40.8396],[-73.8736,40.8398],[-73.871,40.84311],[-73.86804,40.84481],[-73.86864,40.84531],[-73.86893,40.84688],[-73.86835,40.84708],[-73.86786,40.84886],[-73.86921,40.84924],[-73.86825,40.85096],[-73.86989,40.85597],[-73.86819,40.85806],[-73.86802,40.85783],[-73.86179,40.85798]]]},"properties":{"nta2020":"BX1101","ntaname":"Pelham Parkway-Van Nest","boroname":"Bronx","ntatype":"0"}},{"type":"Feature","geometry":{"type":"Polygon","coordinates":[[[-73.83682,40.85728],[-73.83668,40.85665],[-73.83524,40.85649],[-73.83843,40.85547],[-73.8405,40.85419],[-73.84149,40.85319],[-73.84494,40.84822],[-73.84489,40.8502],[-73.84578,40.84797],[-73.84788,40.84599],[-73.84623,40.84449],[-73.84806,40.84307],[-73.85334,40.84247],[-73.85738,40.84372],[-73.86039,40.84824],[-73.86119,40.8486],[-73.86251,40.84836],[-73.86304,40.85061],[-73.86212,40.85081],[-73.86179,40.85798],[-73.8474,40.85868],[-73.83682,40.85728]]]},"properties":{"nta2020":"BX1102","ntaname":"Morris Park","boroname":"Bronx","ntatype":"0"}},{"type":"Feature","geometry":{"type":"Polygon","coordinates":[[[-73.85651,40.87422],[-73.8486,40.87167],[-73.8316,40.86264],[-73.82956,40.86216],[-73.82841,40.86095],[-73.82987,40.85974],[-73.83682,40.85728],[-73.8474,40.85868],[-73.85664,40.85812],[-73.85731,40.85945],[-73.85771,40.86228],[-73.85961,40.86551],[-73.85867,40.86549],[-73.85849,40.87128],[-73.85661,40.87125],[-73.85651,40.87422]]]},"properties":{"nta2020":"BX1103","ntaname":"Pelham Gardens","boroname":"Bronx","ntatype":"0"}},{"type":"Feature","geometry":{"type":"Polygon","coordinates":[[[-73.85849,40.87128],[-73.85867,40.86549],[-73.85961,40.86551],[-73.85771,40.86228],[-73.85731,40.85945],[-73.85664,40.85812],[-73.86759,40.85783],[-73.86819,40.85806],[-73.86842,40.85778],[-73.87105,40.8573],[-73.87041,40.86397],[-73.87054,40.86967],[-73.86433,40.86966],[-73.86427,40.87139],[-73.85849,40.87128]]]},"properties":{"nta2020":"BX1104","ntaname":"Allerton","boroname":"Bronx","ntatype":"0"}},{"type":"Feature","geometry":{"type":"Polygon","coordinates":[[[-73.83129,40.85543],[-73.83408,40.85436],[-73.83534,40.85255],[-73.8362,40.84583],[-73.83767,40.84112],[-73.83762,40.84028],[-73.83937,40.84088],[-73.84202,40.84066],[-73.84146,40.84096],[-73.84491,40.84543],[-73.84461,40.84625],[-73.84494,40.84822],[-73.84149,40.85319],[-73.8391,40.85514],[-73.83524,40.85649],[-73.83668,40.85665],[-73.83682,40.85728],[-73.82987,40.85974],[-73.82855,40.86075],[-73.83121,40.8575],[-73.83285,40.85609],[-73.83129,40.85543]]]},"properties":{"nta2020":"BX1161","ntaname":"Hutchinson Metro Center","boroname":"Bronx","ntatype":"6"}},{"type":"Feature","geometry":{"type":"Polygon","coordinates":[[[-73.84744,40.88698],[-73.85248,40.87946],[-73.85092,40.87789],[-73.85255,40.87709],[-73.85172,40.87684],[-73.85069,40.87549],[-73.85364,40.8733],[-73.85651,40.87422],[-73.85661,40.87125],[-73.86427,40.87139],[-73.86433,40.86966],[-73.87054,40.86967],[-73.87032,40.87562],[-73.86936,40.87811],[-73.87094,40.87851],[-73.87015,40.88035],[-73.87084,40.88045],[-73.86877,40.88422],[-73.867,40.88907],[-73.86369,40.89432],[-73.86356,40.89538],[-73.86136,40.89466],[-73.86274,40.89184],[-73.84744,40.88698]]]},"properties":{"nta2020":"BX1201","ntaname":"Williamsbridge-Olinville","boroname":"Bronx","ntatype":"0"}},{"type":"Feature","geometry":{"type":"Polygon","coordinates":[[[-73.79323,40.88282],[-73.8052,40.886],[-73.8079,40.88578],[-73.81277,40.88668],[-73.816,40.88656],[-73.82082,40.88534],[-73.82119,40.88594],[-73.82206,40.88611],[-73.82661,40.88465],[-73.82606,40.88415],[-73.82986,40.88217],[-73.83246,40.88021],[-73.83377,40.87872],[-73.83484,40.87579],[-73.8348,40.87372],[-73.83434,40.87203],[-73.82956,40.86216],[-73.8316,40.86264],[-73.8486,40.87167],[-73.85364,40.8733],[-73.85069,40.87549],[-73.85172,40.87684],[-73.85255,40.87709],[-73.85092,40.87789],[-73.85248,40.87946],[-73.84591,40.88974],[-73.85069,40.8913],[-73.83804,40.89414],[-73.82252,40.88943],[-73.82255,40.88981],[-73.82337,40.88992],[-73.82337,40.89097],[-73.82285,40.89121],[-73.79406,40.8837],[-73.79301,40.88336],[-73.79323,40.88282]]]},"properties":{"nta2020":"BX1202","ntaname":"Eastchester-Edenwald-Baychester","boroname":"Bronx","ntatype":"0"}},{"type":"Feature","geometry":{"type":"Polygon","coordinates":[[[-73.85107,40.91037],[-73.85348,40.90753],[-73.85092,40.90662],[-73.85017,40.90751],[-73.84482,40.90553],[-73.84489,40.90419],[-73.84139,40.90417],[-73.84078,40.90163],[-73.83918,40.89925],[-73.83965,40.89733],[-73.83839,40.89407],[-73.85069,40.8913],[-73.84591,40.88974],[-73.84744,40.88698],[-73.86274,40.89184],[-73.86136,40.89466],[-73.86402,40.89552],[-73.87049,40.89664],[-73.87712,40.89547],[-73.87644,40.89687],[-73.87522,40.89815],[-73.86996,40.90083],[-73.8679,40.90294],[-73.85947,40.90052],[-73.85908,40.90101],[-73.85938,40.90157],[-73.85903,40.90144],[-73.85886,40.90171],[-73.85946,40.90193],[-73.85958,40.90244],[-73.85926,40.90267],[-73.85816,40.90231],[-73.85711,40.90365],[-73.85699,40.90458],[-73.85743,40.90484],[-73.85718,40.90529],[-73.85665,40.90506],[-73.85601,40.90531],[-73.85692,40.90597],[-73.85681,40.90616],[-73.8558,40.90626],[-73.85514,40.90687],[-73.85424,40.90703],[-73.85374,40.90779],[-73.85471,40.90801],[-73.85491,40.90835],[-73.85459,40.90894],[-73.85296,40.91035],[-73.85227,40.90985],[-73.85145,40.91045],[-73.85107,40.91037]]]},"properties":{"nta2020":"BX1203","ntaname":"Wakefield-Woodlawn","boroname":"Bronx","ntatype":"0"}},{"type":"Feature","geometry":{"type":"Polygon","coordinates":[[[-73.87084,40.88045],[-73.87495,40.87995],[-73.8747,40.88155],[-73.87813,40.88215],[-73.87761,40.88452],[-73.87783,40.88677],[-73.88036,40.89255],[-73.88004,40.89522],[-73.87481,40.89573],[-73.87049,40.89664],[-73.86356,40.89538],[-73.86369,40.89432],[-73.867,40.88907],[-73.86877,40.88422],[-73.87084,40.88045]]]},"properties":{"nta2020":"BX1271","ntaname":"Woodlawn Cemetery","boroname":"Bronx","ntatype":"7"}},{"type":"Feature","geometry":{"type":"Polygon","coordinates":[[[-73.8679,40.90294],[-73.86996,40.90083],[-73.87522,40.89815],[-73.87644,40.89687],[-73.87712,40.89547],[-73.88004,40.89522],[-73.88036,40.89255],[-73.878,40.88734],[-73.88124,40.88271],[-73.88275,40.8834],[-73.88422,40.8832],[-73.88683,40.88434],[-73.88759,40.88426],[-73.8999,40.88656],[-73.89643,40.89366],[-73.89716,40.89937],[-73.89636,40.9032],[-73.89663,40.91142],[-73.8679,40.90294]]]},"properties":{"nta2020":"BX2691","ntaname":"Van Cortlandt Park","boroname":"Bronx","ntatype":"9"}},{"type":"Feature","geometry":{"type":"Polygon","coordinates":[[[-73.87032,40.87562],[-73.87041,40.86397],[-73.87108,40.85738],[-73.86842,40.85778],[-73.8699,40.85577],[-73.86825,40.85096],[-73.86952,40.84869],[-73.86956,40.84802],[-73.86889,40.84811],[-73.86987,40.84662],[-73.87036,40.84662],[-73.87096,40.84598],[-73.87117,40.84478],[-73.87185,40.8445],[-73.87211,40.8437],[-73.87401,40.84254],[-73.87459,40.84152],[-73.87818,40.84262],[-73.87734,40.84399],[-73.88312,40.84822],[-73.88073,40.85668],[-73.88101,40.85827],[-73.88051,40.86048],[-73.88084,40.86124],[-73.88201,40.86205],[-73.88379,40.86417],[-73.88397,40.86482],[-73.88367,40.86543],[-73.88268,40.86609],[-73.88309,40.8666],[-73.87619,40.87048],[-73.87255,40.87518],[-73.87094,40.87851],[-73.86936,40.87811],[-73.87032,40.87562]]]},"properties":{"nta2020":"BX2791","ntaname":"Bronx Park","boroname":"Bronx","ntatype":"9"}},{"type":"Feature","geometry":{"type":"MultiPolygon","coordinates":[[[[-73.80222,40.84163],[-73.80264,40.84108],[-73.80695,40.84146],[-73.80681,40.84249],[-73.80393,40.84259],[-73.80222,40.84163]]],[[[-73.77322,40.86079],[-73.7734,40.86074],[-73.77334,40.86085],[-73.77322,40.86079]]],[[[-73.77514,40.86118],[-73.77527,40.86145],[-73.77493,40.86155],[-73.77492,40.86143],[-73.77514,40.86118]]],[[[-73.7746,40.86207],[-73.77463,40.86182],[-73.77485,40.86181],[-73.77486,40.86198],[-73.7746,40.86207]]],[[[-73.78328,40.86278],[-73.78288,40.86241],[-73.78315,40.86207],[-73.78328,40.86278]]],[[[-73.78429,40.86321],[-73.78354,40.8631],[-73.78377,40.86261],[-73.78469,40.86254],[-73.78429,40.86321]]],[[[-73.76964,40.86554],[-73.76994,40.86552],[-73.76945,40.86576],[-73.76964,40.86554]]],[[[-73.76692,40.86705],[-73.76723,40.86693],[-73.76668,40.86732],[-73.76692,40.86705]]],[[[-73.77085,40.87163],[-73.77224,40.87156],[-73.77263,40.87188],[-73.77085,40.87163]]],[[[-73.77454,40.87429],[-73.77505,40.87394],[-73.77514,40.87455],[-73.77467,40.87479],[-73.77454,40.87429]]],[[[-73.78194,40.87522],[-73.78213,40.87453],[-73.7826,40.87469],[-73.78244,40.87521],[-73.78194,40.87522]]],[[[-73.78211,40.87652],[-73.78172,40.87619],[-73.7822,40.87643],[-73.78211,40.87652]]],[[[-73.78121,40.87659],[-73.78142,40.87577],[-73.78151,40.87605],[-73.78121,40.87659]]],[[[-73.78364,40.87748],[-73.78356,40.87682],[-73.78384,40.87652],[-73.784,40.87686],[-73.78364,40.87748]]],[[[-73.78543,40.88004],[-73.78501,40.87979],[-73.78568,40.87985],[-73.78543,40.88004]]],[[[-73.78535,40.88052],[-73.78382,40.88042],[-73.7837,40.87993],[-73.78407,40.87971],[-73.78433,40.8802],[-73.78535,40.88052]]],[[[-73.8079,40.88578],[-73.8052,40.886],[-73.79323,40.88282],[-73.79492,40.88054],[-73.79555,40.88069],[-73.79503,40.87975],[-73.79625,40.87701],[-73.79713,40.87619],[-73.79744,40.87514],[-73.79855,40.8744],[-73.79891,40.87465],[-73.79981,40.87416],[-73.80081,40.87149],[-73.80179,40.87107],[-73.80212,40.87038],[-73.80267,40.87015],[-73.8026,40.86934],[-73.80298,40.86874],[-73.80393,40.86903],[-73.80448,40.86871],[-73.80499,40.86915],[-73.80594,40.86893],[-73.80566,40.86949],[-73.80643,40.87022],[-73.8087,40.87134],[-73.80924,40.87122],[-73.80841,40.87093],[-73.80873,40.87043],[-73.8077,40.87045],[-73.80754,40.87018],[-73.80871,40.86909],[-73.80785,40.86973],[-73.80673,40.86953],[-73.80695,40.86886],[-73.8066,40.86889],[-73.80674,40.86873],[-73.80626,40.86842],[-73.80487,40.86823],[-73.80474,40.86666],[-73.80385,40.86717],[-73.80315,40.8671],[-73.80291,40.86698],[-73.80301,40.86575],[-73.80205,40.86567],[-73.8007,40.86814],[-73.79774,40.87235],[-73.79479,40.8732],[-73.79397,40.87457],[-73.7936,40.87672],[-73.79317,40.87706],[-73.7944,40.87764],[-73.79385,40.87859],[-73.793,40.87915],[-73.79289,40.87958],[-73.79095,40.88007],[-73.79063,40.88038],[-73.79076,40.88084],[-73.78956,40.88126],[-73.78906,40.88121],[-73.78932,40.88058],[-73.78912,40.88008],[-73.79006,40.87959],[-73.78952,40.879],[-73.78611,40.87906],[-73.78422,40.87828],[-73.7845,40.87691],[-73.78481,40.87687],[-73.78468,40.87606],[-73.78596,40.87514],[-73.78611,40.87435],[-73.78691,40.87399],[-73.78714,40.87276],[-73.78625,40.87238],[-73.78508,40.87359],[-73.78553,40.87254],[-73.78522,40.87163],[-73.78402,40.87377],[-73.78341,40.87372],[-73.78336,40.87326],[-73.78395,40.8729],[-73.78307,40.87215],[-73.78329,40.8707],[-73.78488,40.86951],[-73.7856,40.86834],[-73.78558,40.86917],[-73.78595,40.86932],[-73.78858,40.86917],[-73.79026,40.86849],[-73.79153,40.86732],[-73.79223,40.86526],[-73.79212,40.86383],[-73.79146,40.86227],[-73.79189,40.86107],[-73.7936,40.86052],[-73.79412,40.8597],[-73.79487,40.85808],[-73.79435,40.85653],[-73.79685,40.85626],[-73.79799,40.85485],[-73.79872,40.85491],[-73.79902,40.85396],[-73.79796,40.85299],[-73.79781,40.85195],[-73.79819,40.85059],[-73.79932,40.84991],[-73.8004,40.84811],[-73.80147,40.84877],[-73.80197,40.85038],[-73.80418,40.85334],[-73.80453,40.85485],[-73.80352,40.85556],[-73.80464,40.85997],[-73.80473,40.86148],[-73.80601,40.86177],[-73.80625,40.86143],[-73.80582,40.86003],[-73.80656,40.85982],[-73.80741,40.86011],[-73.80818,40.85949],[-73.81085,40.86233],[-73.81327,40.86322],[-73.81401,40.86409],[-73.81438,40.86325],[-73.8151,40.86306],[-73.81641,40.86118],[-73.8148,40.86113],[-73.81485,40.8609],[-73.81382,40.86055],[-73.81273,40.85888],[-73.81231,40.85416],[-73.81641,40.85408],[-73.81658,40.85382],[-73.81715,40.8523],[-73.81719,40.85177],[-73.81692,40.85167],[-73.81712,40.85127],[-73.81686,40.85096],[-73.81571,40.85082],[-73.81629,40.85019],[-73.81514,40.84908],[-73.8163,40.84857],[-73.82014,40.84802],[-73.82048,40.8485],[-73.82496,40.84611],[-73.82518,40.8427],[-73.82624,40.84299],[-73.82617,40.84557],[-73.828,40.84863],[-73.82713,40.85187],[-73.82723,40.85335],[-73.8286,40.85572],[-73.83129,40.85543],[-73.83285,40.85609],[-73.83121,40.8575],[-73.82841,40.86095],[-73.82722,40.85921],[-73.82157,40.86103],[-73.81916,40.8623],[-73.81684,40.86431],[-73.817,40.86446],[-73.81579,40.86576],[-73.82127,40.86907],[-73.8233,40.8731],[-73.82005,40.88211],[-73.82024,40.88549],[-73.81624,40.88651],[-73.81408,40.88673],[-73.8079,40.88578]]]]},"properties":{"nta2020":"BX2891","ntaname":"Pelham Bay Park","boroname":"Bronx","ntatype":"9"}},{"type":"Feature","geometry":{"type":"MultiPolygon","coordinates":[[[[-74.00027,40.69497],[-74.00096,40.69407],[-74.00301,40.69478],[-74.0024,40.69571],[-74.00027,40.69497]]],[[[-73.99838,40.69806],[-73.99887,40.69716],[-74.00105,40.69791],[-74.00049,40.69876],[-73.99838,40.69806]]],[[[-73.9975,40.69964],[-73.99802,40.69876],[-74.00002,40.69947],[-73.99947,40.70032],[-73.9975,40.69964]]],[[[-73.99514,40.70297],[-73.9967,40.70088],[-73.99814,40.70152],[-73.99619,40.70338],[-73.99514,40.70297]]],[[[-73.9948,40.70329],[-73.99545,40.70328],[-73.99529,40.70355],[-73.9948,40.70329]]],[[[-73.99488,40.70401],[-73.99488,40.70379],[-73.99503,40.70381],[-73.99488,40.70401]]],[[[-74.01233,40.71887],[-74.01372,40.71368],[-74.00835,40.71136],[-74.00797,40.71145],[-74.00822,40.71152],[-74.00808,40.71172],[-74.00528,40.71225],[-74.00429,40.71291],[-74.00442,40.71219],[-73.99913,40.70798],[-74.00119,40.70686],[-74.00098,40.70642],[-74.00141,40.70618],[-74.00059,40.70541],[-74.00145,40.70487],[-74.00257,40.70552],[-74.00197,40.70474],[-74.00243,40.70468],[-74.00332,40.70563],[-74.00383,40.7053],[-74.00263,40.70422],[-74.00287,40.70408],[-74.00406,40.70515],[-74.0066,40.70369],[-74.0053,40.70256],[-74.00549,40.70243],[-74.00679,40.70357],[-74.00929,40.70193],[-74.0087,40.70114],[-74.00776,40.70155],[-74.00759,40.70133],[-74.00854,40.70092],[-74.00835,40.70067],[-74.00862,40.70055],[-74.00958,40.70184],[-74.01118,40.70145],[-74.0108,40.70021],[-74.01115,40.7009],[-74.01133,40.70057],[-74.01173,40.70077],[-74.01163,40.70046],[-74.01209,40.70068],[-74.01196,40.70004],[-74.01239,40.70062],[-74.01261,40.70011],[-74.01311,40.70051],[-74.01311,40.69977],[-74.01327,40.7005],[-74.01349,40.70048],[-74.01353,40.70011],[-74.01367,40.70013],[-74.01356,40.70094],[-74.01434,40.70113],[-74.01371,40.70107],[-74.01398,40.70153],[-74.01383,40.70241],[-74.01443,40.70315],[-74.01429,40.70455],[-74.01663,40.7048],[-74.01795,40.70398],[-74.01784,40.70424],[-74.01845,40.70416],[-74.01866,40.70443],[-74.01748,40.70467],[-74.01889,40.70473],[-74.01934,40.70609],[-74.01912,40.70698],[-74.01863,40.70714],[-74.01885,40.70697],[-74.01854,40.70692],[-74.01819,40.70782],[-74.01886,40.70805],[-74.01777,40.71283],[-74.0178,40.71235],[-74.01662,40.71216],[-74.01632,40.71341],[-74.01758,40.7136],[-74.01772,40.71307],[-74.01671,40.71862],[-74.01321,40.71832],[-74.01303,40.71913],[-74.01233,40.71887]]]]},"properties":{"nta2020":"MN0101","ntaname":"Financial District-Battery Park City","boroname":"Manhattan","ntatype":"0"}},{"type":"Feature","geometry":{"type":"Polygon","coordinates":[[[-73.99931,40.71755],[-74.00079,40.71529],[-74.00053,40.71517],[-74.00045,40.71437],[-74.00075,40.71451],[-74.00097,40.71391],[-74.00157,40.71368],[-74.00093,40.71326],[-74.00086,40.71162],[-74.00051,40.71098],[-74.00142,40.70981],[-74.00442,40.71219],[-74.00429,40.71291],[-74.00528,40.71225],[-74.00808,40.71172],[-74.00822,40.71152],[-74.00797,40.71145],[-74.00835,40.71136],[-74.01372,40.71368],[-74.01229,40.71904],[-74.01303,40.71913],[-74.01291,40.71973],[-74.01346,40.7198],[-74.01341,40.72002],[-74.01638,40.72038],[-74.01631,40.72073],[-74.013,40.72033],[-74.0129,40.72087],[-74.01569,40.72121],[-74.01562,40.72154],[-74.01316,40.72125],[-74.01312,40.72147],[-74.01364,40.72152],[-74.01362,40.72159],[-74.01254,40.7215],[-74.01196,40.72433],[-74.01123,40.72427],[-74.01081,40.72579],[-73.99931,40.71755]]]},"properties":{"nta2020":"MN0102","ntaname":"Tribeca-Civic Center","boroname":"Manhattan","ntatype":"0"}},{"type":"Feature","geometry":{"type":"MultiPolygon","coordinates":[[[[-74.00816,40.68617],[-74.01193,40.68389],[-74.01218,40.6841],[-74.00835,40.6864],[-74.00816,40.68617]]],[[[-74.005,40.68761],[-74.00563,40.68678],[-74.00783,40.68739],[-74.00742,40.68821],[-74.005,40.68761]]],[[[-74.00382,40.68893],[-74.00459,40.68822],[-74.00678,40.68883],[-74.00636,40.68967],[-74.00382,40.68893]]],[[[-74.00534,40.69109],[-74.00298,40.69043],[-74.00341,40.68961],[-74.00576,40.69024],[-74.00534,40.69109]]],[[[-74.04388,40.69019],[-74.04351,40.68969],[-74.0427,40.69016],[-74.04255,40.68996],[-74.04347,40.68964],[-74.04364,40.68877],[-74.04439,40.68852],[-74.04628,40.68933],[-74.0468,40.68995],[-74.04748,40.68961],[-74.04773,40.68992],[-74.04689,40.69006],[-74.04717,40.69099],[-74.04615,40.69112],[-74.04388,40.69019]]],[[[-74.00199,40.69233],[-74.0018,40.69227],[-74.00216,40.69224],[-74.00199,40.69233]]],[[[-74.00197,40.69184],[-74.0007,40.69061],[-74.00479,40.69176],[-74.00441,40.69253],[-74.00197,40.69184]]],[[[-74.01675,40.69334],[-74.0154,40.69307],[-74.01539,40.6933],[-74.01517,40.69326],[-74.01526,40.69304],[-74.01513,40.69324],[-74.01516,40.69302],[-74.01422,40.69282],[-74.01344,40.69212],[-74.01181,40.69248],[-74.0119,40.69209],[-74.01333,40.69202],[-74.01261,40.69136],[-74.01203,40.6915],[-74.01253,40.69115],[-74.01183,40.69106],[-74.0122,40.69103],[-74.01198,40.69061],[-74.01223,40.69046],[-74.01231,40.68928],[-74.01317,40.68815],[-74.01488,40.68725],[-74.01605,40.68734],[-74.01705,40.68688],[-74.01665,40.68642],[-74.01514,40.68644],[-74.01667,40.68631],[-74.01712,40.68684],[-74.02054,40.68527],[-74.02021,40.68483],[-74.0194,40.68509],[-74.02095,40.68438],[-74.02028,40.68481],[-74.02061,40.68524],[-74.02224,40.68452],[-74.02212,40.68435],[-74.02259,40.68436],[-74.02213,40.68377],[-74.02306,40.68292],[-74.02237,40.68378],[-74.02276,40.68428],[-74.02465,40.68398],[-74.02567,40.68424],[-74.02633,40.6848],[-74.02663,40.68553],[-74.02643,40.68618],[-74.02021,40.69203],[-74.01973,40.69311],[-74.01675,40.69334]]],[[[-74.00127,40.6933],[-74.00174,40.69241],[-74.00401,40.69321],[-74.00345,40.69405],[-74.00127,40.6933]]],[[[-74.03995,40.70089],[-74.03771,40.69934],[-74.03823,40.69837],[-74.03934,40.69812],[-74.04124,40.69954],[-74.04175,40.69915],[-74.03991,40.6977],[-74.04166,40.69645],[-74.04367,40.69802],[-74.0427,40.6988],[-74.04297,40.699],[-74.0411,40.70049],[-74.0408,40.70027],[-74.03995,40.70089]]],[[[-74.01638,40.70484],[-74.01427,40.70452],[-74.01443,40.70315],[-74.01383,40.70241],[-74.01398,40.70153],[-74.01371,40.70107],[-74.01434,40.70113],[-74.01395,40.70099],[-74.01422,40.70011],[-74.01429,40.70064],[-74.01467,40.70021],[-74.01432,40.70066],[-74.01464,40.70082],[-74.01507,40.70032],[-74.0151,40.70033],[-74.01467,40.70083],[-74.01579,40.70135],[-74.01788,40.70354],[-74.01757,40.70418],[-74.01638,40.70484]]]]},"properties":{"nta2020":"MN0191","ntaname":"The Battery-Governors Island-Ellis Island-Liberty Island","boroname":"Manhattan","ntatype":"9"}},{"type":"Feature","geometry":{"type":"Polygon","coordinates":[[[-74.00282,40.72836],[-73.99677,40.72543],[-73.9926,40.72414],[-73.99481,40.71846],[-73.99606,40.71623],[-73.99931,40.71755],[-74.01081,40.72579],[-74.01123,40.72427],[-74.01196,40.72433],[-74.01165,40.72587],[-74.0152,40.72636],[-74.01512,40.72679],[-74.01154,40.72645],[-74.01138,40.72823],[-74.01064,40.72817],[-74.01055,40.7291],[-74.00282,40.72836]]]},"properties":{"nta2020":"MN0201","ntaname":"SoHo-Little Italy-Hudson Square","boroname":"Manhattan","ntatype":"0"}},{"type":"Feature","geometry":{"type":"Polygon","coordinates":[[[-73.9899,40.73443],[-73.98987,40.73353],[-73.99123,40.72773],[-73.9926,40.72414],[-73.99677,40.72543],[-74.00282,40.72836],[-74.00141,40.73107],[-73.99684,40.73736],[-73.9899,40.73443]]]},"properties":{"nta2020":"MN0202","ntaname":"Greenwich Village","boroname":"Manhattan","ntatype":"0"}},{"type":"Feature","geometry":{"type":"Polygon","coordinates":[[[-74.00915,40.7425],[-73.99684,40.73736],[-74.00141,40.73107],[-74.00282,40.72836],[-74.01055,40.7291],[-74.01064,40.72817],[-74.01439,40.72846],[-74.01409,40.73066],[-74.01116,40.73045],[-74.01099,40.73232],[-74.01094,40.73301],[-74.014,40.73307],[-74.014,40.73333],[-74.01073,40.73346],[-74.01083,40.73401],[-74.01202,40.73406],[-74.012,40.73434],[-74.01081,40.73428],[-74.01048,40.73806],[-74.01109,40.73809],[-74.01114,40.73839],[-74.01045,40.73836],[-74.01039,40.73917],[-74.01158,40.73926],[-74.01146,40.74058],[-74.01216,40.74061],[-74.01266,40.74075],[-74.00963,40.74065],[-74.00941,40.74115],[-74.00962,40.74136],[-74.0114,40.74182],[-74.01084,40.7426],[-74.01029,40.74236],[-74.01013,40.74258],[-74.00932,40.74224],[-74.00915,40.7425]],[[-74.00937,40.74219],[-74.01009,40.74249],[-74.00982,40.74217],[-74.01017,40.74167],[-74.00936,40.74142],[-74.00937,40.74219]]]},"properties":{"nta2020":"MN0203","ntaname":"West Village","boroname":"Manhattan","ntatype":"0"}},{"type":"Feature","geometry":{"type":"Polygon","coordinates":[[[-73.9845,40.70951],[-73.98839,40.70913],[-73.9888,40.70997],[-73.99728,40.70873],[-73.99913,40.70798],[-74.00142,40.70981],[-74.00051,40.71098],[-74.00086,40.71162],[-74.00093,40.71326],[-74.00157,40.71368],[-74.00097,40.71391],[-74.00075,40.71451],[-74.00045,40.71437],[-74.00053,40.71517],[-74.00079,40.71529],[-73.99931,40.71755],[-73.99606,40.71623],[-73.99481,40.71846],[-73.98915,40.71671],[-73.99022,40.7144],[-73.98934,40.71413],[-73.98534,40.71446],[-73.9845,40.70951]]]},"properties":{"nta2020":"MN0301","ntaname":"Chinatown-Two Bridges","boroname":"Manhattan","ntatype":"0"}},{"type":"Feature","geometry":{"type":"MultiPolygon","coordinates":[[[[-73.98246,40.70554],[-73.98242,40.70582],[-73.98102,40.7059],[-73.9823,40.70574],[-73.98246,40.70554]]],[[[-73.97506,40.71879],[-73.97357,40.7186],[-73.97513,40.71462],[-73.97682,40.71142],[-73.97808,40.71053],[-73.9845,40.70951],[-73.98534,40.71446],[-73.98934,40.71413],[-73.99022,40.7144],[-73.98915,40.71671],[-73.99481,40.71846],[-73.9926,40.72414],[-73.97506,40.71879]]]]},"properties":{"nta2020":"MN0302","ntaname":"Lower East Side","boroname":"Manhattan","ntatype":"0"}},{"type":"Feature","geometry":{"type":"MultiPolygon","coordinates":[[[[-73.96718,40.71848],[-73.96656,40.71802],[-73.96731,40.71831],[-73.96718,40.71848]]],[[[-73.96651,40.71943],[-73.96636,40.71905],[-73.96574,40.71871],[-73.96664,40.71913],[-73.96651,40.71943]]],[[[-73.9656,40.72074],[-73.96512,40.72032],[-73.96568,40.72068],[-73.9656,40.72074]]],[[[-73.96483,40.7208],[-73.96436,40.72048],[-73.96503,40.72079],[-73.96483,40.7208]]],[[[-73.96431,40.72106],[-73.96407,40.7208],[-73.96438,40.72099],[-73.96431,40.72106]]],[[[-73.96484,40.72146],[-73.96427,40.72058],[-73.96495,40.72142],[-73.96484,40.72146]]],[[[-73.97163,40.72663],[-73.97357,40.7186],[-73.97722,40.71931],[-73.9926,40.72414],[-73.99123,40.72773],[-73.98987,40.73353],[-73.9899,40.73443],[-73.97205,40.72688],[-73.97163,40.72663]]]]},"properties":{"nta2020":"MN0303","ntaname":"East Village","boroname":"Manhattan","ntatype":"0"}},{"type":"Feature","geometry":{"type":"Polygon","coordinates":[[[-74.00179,40.76229],[-73.99547,40.75963],[-73.9973,40.75711],[-73.99163,40.75471],[-73.9971,40.74721],[-73.99142,40.7448],[-73.99684,40.73736],[-74.00915,40.7425],[-74.00909,40.74289],[-74.00962,40.74295],[-74.00957,40.74326],[-74.01215,40.74356],[-74.01202,40.74394],[-74.00951,40.74368],[-74.00944,40.74397],[-74.0089,40.74392],[-74.00873,40.74488],[-74.00961,40.745],[-74.00956,40.74529],[-74.00992,40.74533],[-74.00987,40.74492],[-74.01017,40.74494],[-74.00997,40.74532],[-74.01047,40.74539],[-74.01042,40.74498],[-74.01076,40.74501],[-74.01053,40.74538],[-74.0111,40.74545],[-74.01104,40.74505],[-74.01139,40.74507],[-74.01115,40.74545],[-74.01174,40.74552],[-74.01184,40.74513],[-74.01178,40.7456],[-74.01168,40.74598],[-74.00946,40.74575],[-74.00936,40.74634],[-74.01159,40.7466],[-74.01148,40.74699],[-74.00924,40.74676],[-74.00914,40.74736],[-74.01141,40.74763],[-74.0113,40.74801],[-74.00906,40.74779],[-74.00895,40.74841],[-74.01122,40.74868],[-74.01111,40.74905],[-74.00995,40.74893],[-74.0091,40.75037],[-74.01068,40.75102],[-74.01056,40.75132],[-74.009,40.75065],[-74.00853,40.75188],[-74.00934,40.75236],[-74.00843,40.75216],[-74.00999,40.75282],[-74.00997,40.75293],[-74.00835,40.75235],[-74.00774,40.75434],[-74.0048,40.75781],[-74.00528,40.75803],[-74.00503,40.75836],[-74.007,40.75923],[-74.00651,40.75989],[-74.0045,40.75908],[-74.00421,40.7595],[-74.00381,40.75951],[-74.00432,40.75991],[-74.00367,40.75971],[-74.00393,40.76],[-74.00313,40.76108],[-74.00279,40.76093],[-74.00234,40.76154],[-74.00445,40.76266],[-74.0022,40.76173],[-74.00179,40.76229]]]},"properties":{"nta2020":"MN0401","ntaname":"Chelsea-Hudson Yards","boroname":"Manhattan","ntatype":"0"}},{"type":"Feature","geometry":{"type":"Polygon","coordinates":[[[-73.99612,40.77328],[-73.99416,40.77249],[-73.99383,40.77293],[-73.99341,40.77288],[-73.99378,40.7722],[-73.98236,40.76739],[-73.99163,40.75471],[-73.9973,40.75711],[-73.99547,40.75963],[-74.00179,40.76229],[-74.00153,40.76264],[-74.00376,40.76358],[-74.00361,40.76378],[-74.00139,40.76285],[-74.00097,40.76342],[-74.00315,40.76433],[-74.0031,40.76475],[-73.99993,40.76341],[-73.99962,40.76356],[-73.99915,40.76421],[-74.00229,40.76556],[-74.00202,40.76589],[-73.99888,40.76457],[-73.99828,40.76557],[-74.00157,40.76698],[-74.00131,40.76725],[-73.99807,40.76587],[-73.99738,40.76682],[-74.00065,40.76825],[-74.00039,40.7685],[-73.99716,40.76713],[-73.99646,40.7681],[-73.99974,40.76951],[-73.99947,40.76976],[-73.99707,40.76873],[-73.99657,40.76942],[-73.99903,40.77046],[-73.99876,40.77083],[-73.99631,40.7698],[-73.99542,40.77103],[-73.9959,40.77145],[-73.99531,40.7712],[-73.99493,40.77152],[-73.99707,40.77254],[-73.99687,40.77282],[-73.99477,40.77193],[-73.99445,40.77238],[-73.99612,40.77328]]]},"properties":{"nta2020":"MN0402","ntaname":"Hell's Kitchen","boroname":"Manhattan","ntatype":"0"}},{"type":"Feature","geometry":{"type":"Polygon","coordinates":[[[-73.98085,40.74775],[-73.98987,40.73541],[-73.9899,40.73443],[-73.99684,40.73736],[-73.99142,40.7448],[-73.9971,40.74721],[-73.99346,40.75219],[-73.98777,40.74979],[-73.98729,40.75045],[-73.98085,40.74775]]]},"properties":{"nta2020":"MN0501","ntaname":"Midtown South-Flatiron-Union Square","boroname":"Manhattan","ntatype":"0"}},{"type":"Feature","geometry":{"type":"Polygon","coordinates":[[[-73.98149,40.76788],[-73.9698,40.76291],[-73.97581,40.75468],[-73.97652,40.75497],[-73.97697,40.75435],[-73.97835,40.75241],[-73.97768,40.75212],[-73.98085,40.74775],[-73.98729,40.75045],[-73.98777,40.74979],[-73.99346,40.75219],[-73.98211,40.76774],[-73.98149,40.76788]]]},"properties":{"nta2020":"MN0502","ntaname":"Midtown-Times Square","boroname":"Manhattan","ntatype":"0"}},{"type":"Feature","geometry":{"type":"MultiPolygon","coordinates":[[[[-73.96247,40.72413],[-73.96201,40.72399],[-73.96207,40.72388],[-73.96247,40.72413]]],[[[-73.97854,40.73689],[-73.97444,40.73532],[-73.97368,40.73321],[-73.97387,40.73307],[-73.97341,40.73128],[-73.97152,40.72935],[-73.97163,40.72663],[-73.98256,40.73135],[-73.97854,40.73689]]]]},"properties":{"nta2020":"MN0601","ntaname":"Stuyvesant Town-Peter Cooper Village","boroname":"Manhattan","ntatype":"0"}},{"type":"Feature","geometry":{"type":"Polygon","coordinates":[[[-73.97805,40.73755],[-73.98256,40.73135],[-73.9899,40.73443],[-73.98987,40.73541],[-73.98407,40.74332],[-73.98086,40.74197],[-73.98267,40.7395],[-73.97805,40.73755]]]},"properties":{"nta2020":"MN0602","ntaname":"Gramercy","boroname":"Manhattan","ntatype":"0"}},{"type":"Feature","geometry":{"type":"MultiPolygon","coordinates":[[[[-73.96225,40.72999],[-73.96128,40.73006],[-73.96255,40.72974],[-73.96225,40.72999]]],[[[-73.9637,40.73144],[-73.96167,40.73148],[-73.96366,40.73125],[-73.9637,40.73144]]],[[[-73.96065,40.74413],[-73.96057,40.74403],[-73.96067,40.74405],[-73.96065,40.74413]]],[[[-73.97768,40.75212],[-73.97444,40.75076],[-73.9735,40.75206],[-73.97126,40.75112],[-73.96891,40.75011],[-73.96999,40.74887],[-73.96791,40.74797],[-73.97094,40.74447],[-73.97111,40.7442],[-73.9707,40.74399],[-73.97118,40.7441],[-73.97189,40.74272],[-73.97266,40.73922],[-73.97249,40.7358],[-73.97447,40.73628],[-73.97414,40.73596],[-73.9745,40.73604],[-73.97425,40.73578],[-73.97447,40.73567],[-73.97306,40.73518],[-73.97276,40.73551],[-73.97295,40.73507],[-73.9733,40.73524],[-73.97354,40.73494],[-73.97834,40.73672],[-73.97854,40.73689],[-73.97805,40.73755],[-73.98267,40.7395],[-73.98086,40.74197],[-73.98407,40.74332],[-73.97768,40.75212]]]]},"properties":{"nta2020":"MN0603","ntaname":"Murray Hill-Kips Bay","boroname":"Manhattan","ntatype":"0"}},{"type":"Feature","geometry":{"type":"Polygon","coordinates":[[[-73.9698,40.76291],[-73.95893,40.75834],[-73.95849,40.75855],[-73.96471,40.75172],[-73.96486,40.75201],[-73.96522,40.75181],[-73.96723,40.75269],[-73.96891,40.75011],[-73.9735,40.75206],[-73.97444,40.75076],[-73.97835,40.75241],[-73.97652,40.75497],[-73.97581,40.75468],[-73.9698,40.76291]]]},"properties":{"nta2020":"MN0604","ntaname":"East Midtown-Turtle Bay","boroname":"Manhattan","ntatype":"0"}},{"type":"Feature","geometry":{"type":"MultiPolygon","coordinates":[[[[-73.96416,40.74687],[-73.96445,40.74641],[-73.96458,40.74645],[-73.96416,40.74687]]],[[[-73.96723,40.75269],[-73.96486,40.75201],[-73.96471,40.75172],[-73.96791,40.74797],[-73.96999,40.74887],[-73.96723,40.75269]]]]},"properties":{"nta2020":"MN0661","ntaname":"United Nations","boroname":"Manhattan","ntatype":"6"}},{"type":"Feature","geometry":{"type":"Polygon","coordinates":[[[-73.975,40.77753],[-73.98168,40.76839],[-73.98149,40.76788],[-73.98236,40.76739],[-73.99378,40.7722],[-73.99333,40.77283],[-73.99624,40.77379],[-73.9961,40.77409],[-73.99394,40.77318],[-73.99227,40.77512],[-73.99206,40.7755],[-73.99239,40.77556],[-73.99093,40.77757],[-73.9904,40.77759],[-73.98887,40.77969],[-73.99155,40.77957],[-73.98889,40.77988],[-73.98813,40.7814],[-73.98568,40.78031],[-73.98507,40.78178],[-73.975,40.77753]]]},"properties":{"nta2020":"MN0701","ntaname":"Upper West Side-Lincoln Square","boroname":"Manhattan","ntatype":"0"}},{"type":"Feature","geometry":{"type":"Polygon","coordinates":[[[-73.96418,40.79236],[-73.975,40.77753],[-73.98507,40.78178],[-73.98568,40.78031],[-73.98813,40.7814],[-73.98547,40.78536],[-73.98617,40.78607],[-73.98712,40.78521],[-73.98613,40.78624],[-73.98543,40.78541],[-73.98508,40.78592],[-73.98577,40.7862],[-73.98502,40.78601],[-73.98466,40.78653],[-73.98595,40.78649],[-73.98462,40.78659],[-73.9764,40.79827],[-73.96942,40.79536],[-73.96987,40.79474],[-73.96418,40.79236]]]},"properties":{"nta2020":"MN0702","ntaname":"Upper West Side (Central)","boroname":"Manhattan","ntatype":"0"}},{"type":"Feature","geometry":{"type":"Polygon","coordinates":[[[-73.97111,40.80579],[-73.95817,40.80058],[-73.96418,40.79236],[-73.96987,40.79474],[-73.96942,40.79536],[-73.9764,40.79827],[-73.97111,40.80579]]]},"properties":{"nta2020":"MN0703","ntaname":"Upper West Side-Manhattan Valley","boroname":"Manhattan","ntatype":"0"}},{"type":"Feature","geometry":{"type":"MultiPolygon","coordinates":[[[[-73.95769,40.74854],[-73.95749,40.74834],[-73.95784,40.74834],[-73.95769,40.74854]]],[[[-73.93557,40.77192],[-73.93557,40.77163],[-73.93585,40.77172],[-73.9357,40.77177],[-73.93557,40.77192]]],[[[-73.94112,40.76941],[-73.94286,40.7683],[-73.94943,40.76055],[-73.95178,40.7584],[-73.95322,40.75643],[-73.95791,40.75211],[-73.96091,40.7498],[-73.96154,40.74972],[-73.95902,40.7536],[-73.95339,40.7598],[-73.95209,40.76086],[-73.94556,40.7688],[-73.94525,40.76877],[-73.94472,40.76979],[-73.94213,40.77203],[-73.94008,40.77293],[-73.94036,40.7705],[-73.94112,40.76941]]],[[[-73.95442,40.76218],[-73.95893,40.75834],[-73.96658,40.76155],[-73.95729,40.77428],[-73.94749,40.77012],[-73.95442,40.76218]]]]},"properties":{"nta2020":"MN0801","ntaname":"Upper East Side-Lenox Hill-Roosevelt Island","boroname":"Manhattan","ntatype":"0"}},{"type":"Feature","geometry":{"type":"Polygon","coordinates":[[[-73.94933,40.78519],[-73.96658,40.76155],[-73.97301,40.76428],[-73.95578,40.78791],[-73.94933,40.78519]]]},"properties":{"nta2020":"MN0802","ntaname":"Upper East Side-Carnegie Hill","boroname":"Manhattan","ntatype":"0"}},{"type":"Feature","geometry":{"type":"MultiPolygon","coordinates":[[[[-73.93805,40.78083],[-73.93765,40.781],[-73.9376,40.78047],[-73.93861,40.78034],[-73.93958,40.77958],[-73.93873,40.78051],[-73.93874,40.78104],[-73.93808,40.78142],[-73.93805,40.78083]]],[[[-73.94387,40.78127],[-73.94344,40.77976],[-73.9424,40.78003],[-73.94212,40.77946],[-73.943,40.77885],[-73.94246,40.77741],[-73.94234,40.77777],[-73.94212,40.77726],[-73.94243,40.7773],[-73.94207,40.77692],[-73.94208,40.77596],[-73.94366,40.77384],[-73.94749,40.77012],[-73.95729,40.77428],[-73.94933,40.78519],[-73.94376,40.78283],[-73.94387,40.78127]]]]},"properties":{"nta2020":"MN0803","ntaname":"Upper East Side-Yorkville","boroname":"Manhattan","ntatype":"0"}},{"type":"Feature","geometry":{"type":"Polygon","coordinates":[[[-73.9521,40.81144],[-73.95358,40.80948],[-73.95497,40.81006],[-73.95823,40.80554],[-73.95825,40.80311],[-73.95965,40.80116],[-73.97111,40.80579],[-73.96856,40.80907],[-73.96414,40.81577],[-73.96203,40.81809],[-73.95949,40.81701],[-73.95626,40.81339],[-73.95571,40.81414],[-73.95408,40.81228],[-73.9521,40.81144]]]},"properties":{"nta2020":"MN0901","ntaname":"Morningside Heights","boroname":"Manhattan","ntatype":"0"}},{"type":"Feature","geometry":{"type":"Polygon","coordinates":[[[-73.94608,40.82126],[-73.94921,40.8147],[-73.9521,40.81144],[-73.95408,40.81228],[-73.95571,40.81414],[-73.95626,40.81339],[-73.95949,40.81701],[-73.96203,40.81809],[-73.95981,40.8203],[-73.95913,40.82117],[-73.95943,40.82125],[-73.95915,40.82157],[-73.95909,40.82121],[-73.95882,40.82152],[-73.959,40.82241],[-73.95991,40.82257],[-73.9596,40.82299],[-73.95893,40.82271],[-73.95853,40.82184],[-73.95794,40.82277],[-73.95953,40.82362],[-73.95914,40.82432],[-73.95741,40.82327],[-73.95573,40.82289],[-73.95083,40.82083],[-73.94992,40.82207],[-73.94854,40.82149],[-73.94808,40.82211],[-73.94608,40.82126]]]},"properties":{"nta2020":"MN0902","ntaname":"Manhattanville-West Harlem","boroname":"Manhattan","ntatype":"0"}},{"type":"Feature","geometry":{"type":"Polygon","coordinates":[[[-73.94828,40.83387],[-73.93864,40.82974],[-73.93925,40.8283],[-73.94292,40.82326],[-73.94516,40.82088],[-73.94808,40.82211],[-73.94854,40.82149],[-73.94992,40.82207],[-73.95083,40.82083],[-73.95573,40.82289],[-73.95741,40.82327],[-73.95914,40.82432],[-73.95726,40.82712],[-73.95695,40.827],[-73.95632,40.82794],[-73.95504,40.82741],[-73.95454,40.82786],[-73.95021,40.8343],[-73.94828,40.83387]]]},"properties":{"nta2020":"MN0903","ntaname":"Hamilton Heights-Sugar Hill","boroname":"Manhattan","ntatype":"0"}},{"type":"Feature","geometry":{"type":"Polygon","coordinates":[[[-73.94177,40.80709],[-73.94275,40.80574],[-73.94436,40.80641],[-73.9462,40.80391],[-73.9446,40.80323],[-73.94923,40.79687],[-73.95965,40.80116],[-73.95825,40.80311],[-73.95823,40.80554],[-73.95497,40.81006],[-73.95358,40.80948],[-73.9521,40.81144],[-73.94177,40.80709]]]},"properties":{"nta2020":"MN1001","ntaname":"Harlem (South)","boroname":"Manhattan","ntatype":"0"}},{"type":"Feature","geometry":{"type":"Polygon","coordinates":[[[-73.93516,40.83268],[-73.93383,40.81972],[-73.93383,40.81949],[-73.93448,40.8197],[-73.93407,40.81783],[-73.94177,40.80709],[-73.9521,40.81144],[-73.94921,40.8147],[-73.94608,40.82126],[-73.94516,40.82088],[-73.94292,40.82326],[-73.93925,40.8283],[-73.93864,40.82974],[-73.94014,40.83037],[-73.93895,40.83242],[-73.93467,40.83606],[-73.93445,40.83591],[-73.93492,40.83523],[-73.93516,40.83268]]]},"properties":{"nta2020":"MN1002","ntaname":"Harlem (North)","boroname":"Manhattan","ntatype":"0"}},{"type":"Feature","geometry":{"type":"Polygon","coordinates":[[[-73.94327,40.79349],[-73.93865,40.79156],[-73.93774,40.79282],[-73.93505,40.79169],[-73.93708,40.78937],[-73.93622,40.7888],[-73.93715,40.78917],[-73.93812,40.78718],[-73.93983,40.78526],[-73.94247,40.7839],[-73.94365,40.78266],[-73.95578,40.78791],[-73.94831,40.79813],[-73.94188,40.79541],[-73.94327,40.79349]]]},"properties":{"nta2020":"MN1101","ntaname":"East Harlem (South)","boroname":"Manhattan","ntatype":"0"}},{"type":"Feature","geometry":{"type":"MultiPolygon","coordinates":[[[[-73.92738,40.79738],[-73.92767,40.79722],[-73.92771,40.7973],[-73.92738,40.79738]]],[[[-73.92672,40.80041],[-73.92654,40.80033],[-73.92674,40.8004],[-73.92672,40.80041]]],[[[-73.92711,40.80056],[-73.9267,40.80015],[-73.92725,40.80039],[-73.92711,40.80056]]],[[[-73.92689,40.80084],[-73.92651,40.80066],[-73.92705,40.80065],[-73.92689,40.80084]]],[[[-73.93383,40.81936],[-73.93387,40.81415],[-73.93434,40.80956],[-73.93356,40.8076],[-73.93031,40.80379],[-73.92903,40.80108],[-73.92904,40.79676],[-73.93007,40.7947],[-73.93505,40.79169],[-73.93774,40.79282],[-73.93865,40.79156],[-73.94327,40.79349],[-73.94188,40.79541],[-73.94831,40.79813],[-73.9446,40.80323],[-73.9462,40.80391],[-73.94436,40.80641],[-73.94275,40.80574],[-73.93413,40.81773],[-73.93448,40.8197],[-73.93383,40.81936]]]]},"properties":{"nta2020":"MN1102","ntaname":"East Harlem (North)","boroname":"Manhattan","ntatype":"0"}},{"type":"Feature","geometry":{"type":"Polygon","coordinates":[[[-73.92031,40.79938],[-73.91545,40.79706],[-73.91444,40.79567],[-73.9138,40.79451],[-73.91378,40.79384],[-73.91687,40.79036],[-73.91856,40.7897],[-73.91851,40.78943],[-73.92219,40.78551],[-73.92285,40.78356],[-73.92412,40.78252],[-73.92572,40.78218],[-73.92732,40.78109],[-73.9281,40.78092],[-73.93105,40.7824],[-73.93502,40.78301],[-73.93598,40.78394],[-73.93571,40.78568],[-73.9324,40.78972],[-73.93084,40.79099],[-73.92972,40.79137],[-73.92807,40.79082],[-73.9261,40.79073],[-73.92616,40.79172],[-73.92657,40.79186],[-73.92561,40.7919],[-73.92674,40.79193],[-73.92633,40.7915],[-73.92657,40.79098],[-73.92787,40.79095],[-73.92714,40.79193],[-73.92827,40.79233],[-73.92834,40.79298],[-73.92694,40.7955],[-73.92695,40.79671],[-73.92744,40.79771],[-73.92726,40.79892],[-73.92668,40.80045],[-73.92549,40.80196],[-73.92263,40.80187],[-73.92191,40.8015],[-73.92031,40.79938]]]},"properties":{"nta2020":"MN1191","ntaname":"Randall's Island","boroname":"Manhattan","ntatype":"9"}},{"type":"Feature","geometry":{"type":"Polygon","coordinates":[[[-73.93139,40.84743],[-73.93557,40.84171],[-73.93506,40.83933],[-73.93638,40.83785],[-73.93804,40.83429],[-73.93948,40.83301],[-73.94022,40.83188],[-73.94035,40.83046],[-73.94828,40.83387],[-73.95021,40.8343],[-73.94856,40.83956],[-73.94612,40.84389],[-73.94635,40.84624],[-73.94682,40.84713],[-73.94664,40.84891],[-73.94696,40.85047],[-73.94319,40.84975],[-73.94389,40.8482],[-73.94205,40.84832],[-73.93804,40.84756],[-73.93767,40.84839],[-73.9364,40.84954],[-73.93139,40.84743]]]},"properties":{"nta2020":"MN1201","ntaname":"Washington Heights (South)","boroname":"Manhattan","ntatype":"0"}},{"type":"Feature","geometry":{"type":"Polygon","coordinates":[[[-73.9315,40.86904],[-73.92727,40.86553],[-73.92474,40.86159],[-73.92529,40.86012],[-73.92698,40.85861],[-73.92691,40.85751],[-73.92627,40.85813],[-73.92548,40.85819],[-73.925,40.85788],[-73.92463,40.85689],[-73.9277,40.85249],[-73.92703,40.8522],[-73.92748,40.85069],[-73.92977,40.84812],[-73.93062,40.84848],[-73.93139,40.84743],[-73.9364,40.84954],[-73.93767,40.84839],[-73.93804,40.84756],[-73.94205,40.84832],[-73.94389,40.8482],[-73.94319,40.84975],[-73.94696,40.85047],[-73.9465,40.85098],[-73.94628,40.85084],[-73.94467,40.85192],[-73.94348,40.85228],[-73.94187,40.85387],[-73.94029,40.85664],[-73.93402,40.86504],[-73.93266,40.86724],[-73.93284,40.86742],[-73.93252,40.86741],[-73.93227,40.86856],[-73.93265,40.86847],[-73.93225,40.86864],[-73.93257,40.86898],[-73.93219,40.86937],[-73.93247,40.86948],[-73.93235,40.86976],[-73.93213,40.86942],[-73.9322,40.86984],[-73.93157,40.86958],[-73.9315,40.86904]]]},"properties":{"nta2020":"MN1202","ntaname":"Washington Heights (North)","boroname":"Manhattan","ntatype":"0"}},{"type":"Feature","geometry":{"type":"MultiPolygon","coordinates":[[[[-73.9223,40.85566],[-73.9217,40.85667],[-73.92152,40.8566],[-73.9223,40.85566]]],[[[-73.92234,40.85568],[-73.92288,40.85588],[-73.92289,40.85886],[-73.92727,40.86553],[-73.92873,40.86674],[-73.9262,40.86851],[-73.92234,40.86946],[-73.92214,40.86915],[-73.92163,40.86939],[-73.91925,40.87101],[-73.9197,40.87206],[-73.91843,40.87301],[-73.91401,40.87116],[-73.91143,40.87318],[-73.91065,40.8723],[-73.91043,40.87138],[-73.91092,40.86944],[-73.91147,40.86945],[-73.91103,40.86916],[-73.91113,40.86892],[-73.91273,40.86661],[-73.91255,40.86651],[-73.91392,40.86475],[-73.91492,40.86458],[-73.91441,40.86417],[-73.91509,40.86445],[-73.9159,40.86431],[-73.9152,40.86395],[-73.91539,40.86308],[-73.91729,40.86168],[-73.9195,40.85879],[-73.92048,40.8591],[-73.92127,40.86019],[-73.92159,40.86007],[-73.92187,40.85918],[-73.92091,40.85822],[-73.92114,40.85755],[-73.92238,40.85658],[-73.92234,40.85568]]]]},"properties":{"nta2020":"MN1203","ntaname":"Inwood","boroname":"Manhattan","ntatype":"0"}},{"type":"Feature","geometry":{"type":"Polygon","coordinates":[[[-73.92289,40.85886],[-73.92288,40.85588],[-73.92228,40.85565],[-73.92981,40.84508],[-73.93445,40.83598],[-73.93839,40.83309],[-73.94014,40.83037],[-73.94035,40.83046],[-73.94022,40.83188],[-73.93948,40.83301],[-73.93804,40.83429],[-73.93638,40.83785],[-73.93506,40.83933],[-73.93557,40.84171],[-73.93062,40.84848],[-73.92977,40.84812],[-73.92708,40.85143],[-73.92703,40.8522],[-73.9277,40.85249],[-73.92463,40.85697],[-73.925,40.85788],[-73.92548,40.85819],[-73.92627,40.85813],[-73.92691,40.85751],[-73.92712,40.85811],[-73.92688,40.85876],[-73.92529,40.86012],[-73.92474,40.86159],[-73.92289,40.85886]]]},"properties":{"nta2020":"MN1291","ntaname":"Highbridge Park","boroname":"Manhattan","ntatype":"9"}},{"type":"Feature","geometry":{"type":"MultiPolygon","coordinates":[[[[-73.92641,40.87762],[-73.92619,40.87706],[-73.92457,40.87743],[-73.92329,40.87726],[-73.9224,40.87678],[-73.92258,40.8743],[-73.92208,40.87358],[-73.92112,40.87303],[-73.92029,40.8731],[-73.91979,40.87361],[-73.9208,40.87419],[-73.92118,40.87514],[-73.92081,40.87548],[-73.91888,40.87468],[-73.91927,40.87365],[-73.9185,40.87319],[-73.9186,40.8735],[-73.91758,40.87455],[-73.91787,40.8739],[-73.91644,40.87451],[-73.91522,40.87449],[-73.91152,40.87324],[-73.91401,40.87116],[-73.91843,40.87301],[-73.9197,40.87206],[-73.91925,40.87101],[-73.92163,40.86939],[-73.92214,40.86915],[-73.92234,40.86946],[-73.9262,40.86851],[-73.92873,40.86674],[-73.9315,40.86904],[-73.93157,40.86958],[-73.93221,40.8701],[-73.93138,40.87211],[-73.92918,40.87556],[-73.92641,40.87762]]],[[[-73.92363,40.87896],[-73.92364,40.87882],[-73.92368,40.87883],[-73.92363,40.87896]]]]},"properties":{"nta2020":"MN1292","ntaname":"Inwood Hill Park","boroname":"Manhattan","ntatype":"9"}},{"type":"Feature","geometry":{"type":"Polygon","coordinates":[[[-73.94923,40.79687],[-73.97301,40.76428],[-73.98149,40.76788],[-73.98168,40.76839],[-73.95817,40.80058],[-73.94923,40.79687]]]},"properties":{"nta2020":"MN6491","ntaname":"Central Park","boroname":"Manhattan","ntatype":"9"}},{"type":"Feature","geometry":{"type":"Polygon","coordinates":[[[-73.90986,40.79095],[-73.90033,40.78901],[-73.89593,40.78565],[-73.89613,40.78559],[-73.89583,40.78522],[-73.89876,40.78275],[-73.90115,40.78271],[-73.90218,40.78178],[-73.90258,40.78029],[-73.90218,40.78036],[-73.90204,40.7812],[-73.90129,40.78186],[-73.90035,40.78216],[-73.89865,40.782],[-73.89438,40.78424],[-73.89606,40.78316],[-73.89477,40.78225],[-73.89542,40.78172],[-73.89536,40.78166],[-73.8946,40.78225],[-73.89534,40.78159],[-73.89416,40.78247],[-73.89306,40.78185],[-73.89231,40.78247],[-73.89275,40.78297],[-73.89165,40.78219],[-73.89224,40.78241],[-73.89301,40.7818],[-73.89167,40.78085],[-73.89159,40.78058],[-73.89254,40.77955],[-73.89167,40.77949],[-73.8912,40.77856],[-73.89252,40.7774],[-73.89142,40.77634],[-73.89183,40.77488],[-73.89112,40.77712],[-73.89009,40.77778],[-73.88947,40.77554],[-73.89019,40.77365],[-73.88945,40.77353],[-73.88874,40.76892],[-73.88822,40.76862],[-73.88773,40.76691],[-73.89089,40.76586],[-73.89109,40.76634],[-73.89386,40.76642],[-73.89432,40.76615],[-73.90414,40.76752],[-73.90577,40.76803],[-73.91726,40.76985],[-73.91808,40.77006],[-73.9177,40.77039],[-73.92398,40.77462],[-73.92303,40.77538],[-73.92376,40.77655],[-73.91797,40.78126],[-73.91996,40.78264],[-73.91819,40.78393],[-73.91717,40.78419],[-73.91683,40.78519],[-73.91526,40.78619],[-73.91559,40.78643],[-73.9126,40.78938],[-73.91241,40.78927],[-73.91267,40.789],[-73.91184,40.78968],[-73.91094,40.78976],[-73.90986,40.79095]]]},"properties":{"nta2020":"QN0101","ntaname":"Astoria (North)-Ditmars-Steinway","boroname":"Queens","ntatype":"0"}},{"type":"Feature","geometry":{"type":"Polygon","coordinates":[[[-73.92828,40.7769],[-73.92398,40.77462],[-73.92781,40.76989],[-73.92647,40.76927],[-73.93037,40.76449],[-73.93618,40.76769],[-73.93593,40.76778],[-73.93577,40.76905],[-73.93472,40.77003],[-73.93425,40.77103],[-73.93481,40.77173],[-73.93747,40.77253],[-73.93786,40.77409],[-73.93765,40.77509],[-73.93638,40.77692],[-73.93474,40.77808],[-73.93179,40.77787],[-73.93105,40.77744],[-73.93063,40.77659],[-73.92988,40.77622],[-73.92828,40.7769]]]},"properties":{"nta2020":"QN0102","ntaname":"Old Astoria-Hallets Point","boroname":"Queens","ntatype":"0"}},{"type":"Feature","geometry":{"type":"Polygon","coordinates":[[[-73.91194,40.76901],[-73.9145,40.76586],[-73.9137,40.76548],[-73.91499,40.76389],[-73.91579,40.76427],[-73.92416,40.75396],[-73.93215,40.75771],[-73.92965,40.7608],[-73.93055,40.76122],[-73.92943,40.76238],[-73.93134,40.76328],[-73.92647,40.76927],[-73.92781,40.76989],[-73.92398,40.77462],[-73.9177,40.77039],[-73.91808,40.77006],[-73.91194,40.76901]]]},"properties":{"nta2020":"QN0103","ntaname":"Astoria (Central)","boroname":"Queens","ntatype":"0"}},{"type":"Feature","geometry":{"type":"Polygon","coordinates":[[[-73.90203,40.76742],[-73.90351,40.76585],[-73.90207,40.76238],[-73.90153,40.75963],[-73.89855,40.75992],[-73.89945,40.7586],[-73.89974,40.75751],[-73.89854,40.75417],[-73.91023,40.75298],[-73.91763,40.75386],[-73.92563,40.75214],[-73.91579,40.76427],[-73.91499,40.76389],[-73.9137,40.76548],[-73.9145,40.76586],[-73.91194,40.76901],[-73.90414,40.76752],[-73.90203,40.76742]]]},"properties":{"nta2020":"QN0104","ntaname":"Astoria (East)-Woodside (North)","boroname":"Queens","ntatype":"0"}},{"type":"Feature","geometry":{"type":"Polygon","coordinates":[[[-73.93501,40.77116],[-73.93425,40.77103],[-73.93447,40.77041],[-73.93577,40.76905],[-73.93593,40.76778],[-73.93618,40.76769],[-73.93037,40.76449],[-73.93134,40.76328],[-73.92943,40.76238],[-73.93055,40.76122],[-73.92965,40.7608],[-73.93215,40.75771],[-73.92416,40.75396],[-73.92563,40.75214],[-73.93228,40.75195],[-73.93383,40.7516],[-73.93609,40.74973],[-73.93539,40.74941],[-73.93686,40.74842],[-73.93812,40.74983],[-73.95084,40.75522],[-73.94131,40.76692],[-73.93984,40.76799],[-73.93896,40.76796],[-73.9382,40.7687],[-73.93681,40.7689],[-73.9364,40.76947],[-73.93574,40.76937],[-73.93524,40.76968],[-73.93469,40.77043],[-73.93515,40.77054],[-73.93501,40.77116]]]},"properties":{"nta2020":"QN0105","ntaname":"Queensbridge-Ravenswood-Dutch Kills","boroname":"Queens","ntatype":"0"}},{"type":"Feature","geometry":{"type":"Polygon","coordinates":[[[-73.87287,40.78598],[-73.87667,40.78581],[-73.87831,40.78536],[-73.8877,40.78687],[-73.88905,40.78737],[-73.8903,40.78988],[-73.89218,40.79039],[-73.89282,40.79282],[-73.89179,40.79678],[-73.89073,40.79766],[-73.89087,40.79783],[-73.89062,40.79775],[-73.89083,40.79801],[-73.89061,40.79777],[-73.88886,40.79787],[-73.88831,40.79818],[-73.88898,40.79875],[-73.88821,40.79867],[-73.88823,40.79824],[-73.88756,40.79837],[-73.88665,40.79804],[-73.88372,40.79569],[-73.88366,40.79597],[-73.8821,40.79516],[-73.87875,40.79464],[-73.8769,40.79378],[-73.87485,40.79226],[-73.87222,40.79104],[-73.87121,40.79004],[-73.8708,40.78793],[-73.87163,40.7868],[-73.87287,40.78598]]]},"properties":{"nta2020":"QN0151","ntaname":"Rikers Island","boroname":"Bronx","ntatype":"5"}},{"type":"Feature","geometry":{"type":"Polygon","coordinates":[[[-73.91023,40.75298],[-73.90984,40.75164],[-73.92054,40.74975],[-73.92101,40.75097],[-73.92161,40.75137],[-73.92463,40.75164],[-73.93152,40.75115],[-73.93539,40.74941],[-73.93609,40.74973],[-73.93383,40.7516],[-73.93228,40.75195],[-73.92563,40.75214],[-73.91763,40.75386],[-73.91023,40.75298]]]},"properties":{"nta2020":"QN0161","ntaname":"Sunnyside Yards (North)","boroname":"Queens","ntatype":"6"}},{"type":"Feature","geometry":{"type":"Polygon","coordinates":[[[-73.89432,40.76615],[-73.8951,40.76436],[-73.89646,40.7632],[-73.89877,40.75992],[-73.90153,40.75963],[-73.90207,40.76238],[-73.90351,40.76585],[-73.90218,40.76732],[-73.89432,40.76615]]]},"properties":{"nta2020":"QN0171","ntaname":"St. Michael's Cemetery","boroname":"Queens","ntatype":"7"}},{"type":"Feature","geometry":{"type":"Polygon","coordinates":[[[-73.92398,40.77462],[-73.92828,40.7769],[-73.92632,40.77824],[-73.92487,40.77863],[-73.91996,40.78264],[-73.91797,40.78126],[-73.92376,40.77655],[-73.92303,40.77538],[-73.92398,40.77462]]]},"properties":{"nta2020":"QN0191","ntaname":"Astoria Park","boroname":"Queens","ntatype":"9"}},{"type":"Feature","geometry":{"type":"Polygon","coordinates":[[[-73.93812,40.74983],[-73.93664,40.7482],[-73.94033,40.74541],[-73.94343,40.74423],[-73.94401,40.74364],[-73.9442,40.74288],[-73.94032,40.7444],[-73.93726,40.74518],[-73.93868,40.73821],[-73.94146,40.73925],[-73.94051,40.74011],[-73.93911,40.74262],[-73.93867,40.74253],[-73.93859,40.74293],[-73.94002,40.74321],[-73.94015,40.74283],[-73.93965,40.74273],[-73.94159,40.73986],[-73.9429,40.739],[-73.94548,40.73821],[-73.94715,40.7379],[-73.95138,40.73934],[-73.95381,40.73982],[-73.95741,40.73956],[-73.96073,40.73808],[-73.96217,40.73827],[-73.96261,40.7388],[-73.96221,40.74001],[-73.96125,40.74042],[-73.96194,40.74079],[-73.9618,40.7411],[-73.96122,40.74111],[-73.96107,40.74169],[-73.96136,40.74184],[-73.96111,40.74183],[-73.96155,40.74199],[-73.96119,40.74264],[-73.96054,40.74347],[-73.95977,40.7435],[-73.95971,40.74386],[-73.96057,40.74403],[-73.95963,40.74393],[-73.95939,40.74428],[-73.95973,40.74427],[-73.96016,40.74437],[-73.96013,40.74444],[-73.95923,40.74431],[-73.95878,40.74456],[-73.95944,40.7446],[-73.95888,40.74462],[-73.95876,40.74495],[-73.95967,40.74517],[-73.95849,40.74499],[-73.95934,40.74551],[-73.9585,40.74576],[-73.95914,40.746],[-73.95704,40.74892],[-73.95318,40.74773],[-73.95305,40.74809],[-73.95632,40.74908],[-73.95601,40.74937],[-73.95622,40.74952],[-73.95576,40.7496],[-73.9562,40.74969],[-73.95546,40.74967],[-73.95535,40.75001],[-73.95507,40.74963],[-73.9545,40.75123],[-73.95084,40.75522],[-73.93812,40.74983]]]},"properties":{"nta2020":"QN0201","ntaname":"Long Island City-Hunters Point","boroname":"Queens","ntatype":"0"}},{"type":"Feature","geometry":{"type":"Polygon","coordinates":[[[-73.90971,40.74975],[-73.91015,40.74852],[-73.91164,40.74868],[-73.91191,40.74811],[-73.91245,40.74592],[-73.91125,40.74578],[-73.91199,40.74219],[-73.91383,40.74241],[-73.91443,40.74053],[-73.91574,40.74079],[-73.91718,40.7369],[-73.91652,40.73676],[-73.9169,40.73544],[-73.91749,40.73542],[-73.91835,40.73315],[-73.91881,40.73321],[-73.91902,40.73209],[-73.91731,40.73144],[-73.91836,40.72593],[-73.92217,40.72649],[-73.92645,40.72812],[-73.92791,40.72825],[-73.92849,40.72776],[-73.93044,40.72856],[-73.93453,40.7291],[-73.93648,40.72969],[-73.93911,40.73138],[-73.94007,40.73376],[-73.94162,40.73584],[-73.94594,40.73751],[-73.94146,40.73925],[-73.93868,40.73821],[-73.93726,40.74518],[-73.9377,40.74524],[-73.92677,40.74759],[-73.9208,40.74689],[-73.92034,40.74916],[-73.91541,40.75011],[-73.91348,40.7502],[-73.90971,40.74975]]]},"properties":{"nta2020":"QN0202","ntaname":"Sunnyside","boroname":"Queens","ntatype":"0"}},{"type":"Feature","geometry":{"type":"Polygon","coordinates":[[[-73.89564,40.74847],[-73.89089,40.74069],[-73.89469,40.74023],[-73.88725,40.73884],[-73.88754,40.73676],[-73.89137,40.73606],[-73.88936,40.73584],[-73.88852,40.73453],[-73.89256,40.73448],[-73.89492,40.73501],[-73.89855,40.73519],[-73.90026,40.73474],[-73.90108,40.73391],[-73.90517,40.73586],[-73.90602,40.73401],[-73.90569,40.73392],[-73.90629,40.7324],[-73.91069,40.73347],[-73.90856,40.73793],[-73.90755,40.74166],[-73.91199,40.74219],[-73.91125,40.74578],[-73.91245,40.74592],[-73.91191,40.74811],[-73.91164,40.74868],[-73.91015,40.74852],[-73.90945,40.75066],[-73.91023,40.75298],[-73.89874,40.75415],[-73.89768,40.7524],[-73.89707,40.74994],[-73.89636,40.74877],[-73.89564,40.74847]]]},"properties":{"nta2020":"QN0203","ntaname":"Woodside","boroname":"Queens","ntatype":"0"}},{"type":"Feature","geometry":{"type":"Polygon","coordinates":[[[-73.90971,40.74975],[-73.91445,40.75022],[-73.92034,40.74916],[-73.9208,40.74689],[-73.92677,40.74759],[-73.9377,40.74524],[-73.9442,40.74288],[-73.94401,40.74364],[-73.94343,40.74423],[-73.94033,40.74541],[-73.93539,40.74941],[-73.93152,40.75115],[-73.92255,40.75158],[-73.92101,40.75097],[-73.92054,40.74975],[-73.90984,40.75164],[-73.90944,40.75076],[-73.90971,40.74975]]]},"properties":{"nta2020":"QN0261","ntaname":"Sunnyside Yards (South)","boroname":"Queens","ntatype":"6"}},{"type":"Feature","geometry":{"type":"Polygon","coordinates":[[[-73.91383,40.74241],[-73.90755,40.74166],[-73.90856,40.73793],[-73.91069,40.73347],[-73.90629,40.7324],[-73.90569,40.73392],[-73.90602,40.73401],[-73.90517,40.73586],[-73.90108,40.73391],[-73.90518,40.72896],[-73.90707,40.72747],[-73.91173,40.72996],[-73.91205,40.72854],[-73.91505,40.7286],[-73.91507,40.72797],[-73.91797,40.7285],[-73.91731,40.73144],[-73.91902,40.73209],[-73.91881,40.73321],[-73.91835,40.73315],[-73.91749,40.73542],[-73.9169,40.73544],[-73.91652,40.73676],[-73.91718,40.7369],[-73.91574,40.74079],[-73.91443,40.74053],[-73.91383,40.74241]]]},"properties":{"nta2020":"QN0271","ntaname":"Calvary & Mount Zion Cemeteries","boroname":"Queens","ntatype":"7"}},{"type":"Feature","geometry":{"type":"Polygon","coordinates":[[[-73.87366,40.7568],[-73.86942,40.74916],[-73.89175,40.74681],[-73.89636,40.74877],[-73.89727,40.75034],[-73.89768,40.75239],[-73.89874,40.75415],[-73.89974,40.75751],[-73.89945,40.7586],[-73.89855,40.75992],[-73.89877,40.75992],[-73.89646,40.7632],[-73.8951,40.76436],[-73.89432,40.76615],[-73.89386,40.76642],[-73.89109,40.76634],[-73.89089,40.76586],[-73.88773,40.76691],[-73.8864,40.76122],[-73.87895,40.76198],[-73.87601,40.76144],[-73.87514,40.75663],[-73.87366,40.7568]]]},"properties":{"nta2020":"QN0301","ntaname":"Jackson Heights","boroname":"Queens","ntatype":"0"}},{"type":"Feature","geometry":{"type":"Polygon","coordinates":[[[-73.86312,40.7663],[-73.85912,40.76128],[-73.85604,40.75973],[-73.85464,40.75847],[-73.85856,40.75791],[-73.86567,40.75763],[-73.87514,40.75663],[-73.87601,40.76144],[-73.87895,40.76198],[-73.8864,40.76122],[-73.88773,40.76691],[-73.88432,40.76798],[-73.87699,40.77142],[-73.87441,40.77185],[-73.87185,40.77174],[-73.86883,40.77073],[-73.86598,40.76886],[-73.86312,40.7663]]]},"properties":{"nta2020":"QN0302","ntaname":"East Elmhurst","boroname":"Queens","ntatype":"0"}},{"type":"Feature","geometry":{"type":"Polygon","coordinates":[[[-73.8522,40.75266],[-73.86112,40.75002],[-73.86942,40.74916],[-73.87366,40.7568],[-73.86567,40.75763],[-73.85856,40.75791],[-73.85464,40.75847],[-73.85359,40.7567],[-73.8522,40.75266]]]},"properties":{"nta2020":"QN0303","ntaname":"North Corona","boroname":"Queens","ntatype":"0"}},{"type":"Feature","geometry":{"type":"Polygon","coordinates":[[[-73.86462,40.73428],[-73.88005,40.72899],[-73.88528,40.72841],[-73.8872,40.72787],[-73.88756,40.7302],[-73.88806,40.73009],[-73.88852,40.73453],[-73.88936,40.73584],[-73.89138,40.73592],[-73.88754,40.73676],[-73.88725,40.73884],[-73.89469,40.74023],[-73.89089,40.74069],[-73.89564,40.74847],[-73.89175,40.74681],[-73.86942,40.74916],[-73.86853,40.74759],[-73.86749,40.7433],[-73.86756,40.74094],[-73.86462,40.73428]]]},"properties":{"nta2020":"QN0401","ntaname":"Elmhurst","boroname":"Queens","ntatype":"0"}},{"type":"Feature","geometry":{"type":"Polygon","coordinates":[[[-73.84756,40.73906],[-73.85191,40.73742],[-73.85887,40.73594],[-73.86462,40.73428],[-73.86756,40.74094],[-73.86749,40.7433],[-73.86853,40.74759],[-73.86942,40.74916],[-73.86112,40.75002],[-73.8522,40.75266],[-73.85086,40.75],[-73.85443,40.74885],[-73.85012,40.74072],[-73.84779,40.73983],[-73.84756,40.73906]]]},"properties":{"nta2020":"QN0402","ntaname":"Corona","boroname":"Queens","ntatype":"0"}},{"type":"Feature","geometry":{"type":"Polygon","coordinates":[[[-73.88852,40.73453],[-73.88806,40.73009],[-73.88756,40.7302],[-73.88724,40.72893],[-73.88708,40.72464],[-73.88259,40.72508],[-73.88163,40.72388],[-73.89424,40.71792],[-73.89458,40.71838],[-73.89286,40.71921],[-73.89474,40.72158],[-73.89428,40.72177],[-73.89497,40.72282],[-73.89426,40.72314],[-73.8957,40.72341],[-73.89582,40.7239],[-73.89835,40.72311],[-73.89903,40.72386],[-73.90011,40.72331],[-73.89982,40.72124],[-73.8974,40.72155],[-73.89737,40.72046],[-73.90009,40.72018],[-73.90063,40.71976],[-73.90034,40.71802],[-73.89835,40.7192],[-73.89727,40.71815],[-73.89902,40.71738],[-73.89759,40.71649],[-73.89554,40.7138],[-73.89506,40.71248],[-73.92404,40.71401],[-73.92368,40.71408],[-73.92412,40.71514],[-73.92367,40.71554],[-73.92233,40.71608],[-73.92064,40.71577],[-73.92057,40.716],[-73.92224,40.71638],[-73.92394,40.71904],[-73.92384,40.72015],[-73.92424,40.72143],[-73.9252,40.72245],[-73.92442,40.72359],[-73.92214,40.72371],[-73.92073,40.72331],[-73.92037,40.72368],[-73.92428,40.72429],[-73.92528,40.72472],[-73.92849,40.72776],[-73.92791,40.72825],[-73.92645,40.72812],[-73.92217,40.72649],[-73.91836,40.72593],[-73.91797,40.7285],[-73.91507,40.72797],[-73.91505,40.7286],[-73.91205,40.72854],[-73.91173,40.72996],[-73.90707,40.72747],[-73.90518,40.72896],[-73.90061,40.73448],[-73.89983,40.73493],[-73.89831,40.73519],[-73.89492,40.73501],[-73.89256,40.73448],[-73.88852,40.73453]]]},"properties":{"nta2020":"QN0501","ntaname":"Maspeth","boroname":"Queens","ntatype":"0"}},{"type":"Feature","geometry":{"type":"Polygon","coordinates":[[[-73.92404,40.71401],[-73.88842,40.71227],[-73.88731,40.71056],[-73.88813,40.71034],[-73.88785,40.70989],[-73.88862,40.70967],[-73.88822,40.7089],[-73.88938,40.70855],[-73.8893,40.7079],[-73.88553,40.70645],[-73.88555,40.70615],[-73.88653,40.70623],[-73.88912,40.7056],[-73.88984,40.70497],[-73.895,40.69971],[-73.89485,40.69859],[-73.89578,40.69851],[-73.89558,40.69713],[-73.89838,40.69614],[-73.90058,40.6924],[-73.9014,40.69159],[-73.9058,40.69413],[-73.90426,40.6957],[-73.91181,40.69995],[-73.91068,40.70105],[-73.9129,40.70236],[-73.91181,40.70343],[-73.92189,40.7094],[-73.92075,40.71053],[-73.92155,40.71104],[-73.92223,40.71286],[-73.92404,40.71401]]]},"properties":{"nta2020":"QN0502","ntaname":"Ridgewood","boroname":"Queens","ntatype":"0"}},{"type":"Feature","geometry":{"type":"Polygon","coordinates":[[[-73.85729,40.71147],[-73.85668,40.70769],[-73.85594,40.7064],[-73.85472,40.70677],[-73.85471,40.70521],[-73.85252,40.70229],[-73.85529,40.7026],[-73.8553,40.70199],[-73.85723,40.70165],[-73.85728,40.70121],[-73.85827,40.70122],[-73.85893,40.70132],[-73.85808,40.7029],[-73.86281,40.70341],[-73.8764,40.70229],[-73.87622,40.7016],[-73.88174,40.69953],[-73.88281,40.70068],[-73.88771,40.69968],[-73.88818,40.69886],[-73.88783,40.69766],[-73.88649,40.69644],[-73.88865,40.69583],[-73.88818,40.69506],[-73.8919,40.69432],[-73.89245,40.69523],[-73.89508,40.69459],[-73.89559,40.69398],[-73.89358,40.69309],[-73.89326,40.6922],[-73.89474,40.69264],[-73.89696,40.69195],[-73.89769,40.69337],[-73.89743,40.69329],[-73.89691,40.69384],[-73.89736,40.69411],[-73.90003,40.69344],[-73.89838,40.69614],[-73.89558,40.69713],[-73.89578,40.69851],[-73.89485,40.69859],[-73.895,40.69971],[-73.88912,40.7056],[-73.88653,40.70623],[-73.88555,40.70615],[-73.88553,40.70645],[-73.88377,40.70629],[-73.86911,40.70709],[-73.87018,40.70923],[-73.86501,40.71078],[-73.85965,40.71338],[-73.85976,40.71185],[-73.85729,40.71147]]]},"properties":{"nta2020":"QN0503","ntaname":"Glendale","boroname":"Queens","ntatype":"0"}},{"type":"Feature","geometry":{"type":"Polygon","coordinates":[[[-73.86548,40.72028],[-73.87053,40.71816],[-73.87239,40.71783],[-73.87155,40.7126],[-73.86911,40.70709],[-73.88088,40.70645],[-73.87761,40.70717],[-73.87873,40.71003],[-73.87926,40.70991],[-73.87943,40.71028],[-73.87908,40.71036],[-73.88006,40.71265],[-73.88688,40.71222],[-73.88774,40.71364],[-73.88712,40.71376],[-73.88726,40.71497],[-73.89064,40.71881],[-73.89301,40.71615],[-73.89424,40.71792],[-73.88163,40.72388],[-73.88259,40.72508],[-73.88708,40.72464],[-73.8872,40.72787],[-73.88528,40.72841],[-73.88039,40.72891],[-73.87524,40.73072],[-73.87146,40.72933],[-73.86929,40.72444],[-73.86548,40.72028]]]},"properties":{"nta2020":"QN0504","ntaname":"Middle Village","boroname":"Queens","ntatype":"0"}},{"type":"Feature","geometry":{"type":"Polygon","coordinates":[[[-73.89458,40.71838],[-73.89301,40.71615],[-73.89064,40.71881],[-73.88726,40.71497],[-73.88712,40.71376],[-73.88774,40.71364],[-73.88688,40.71222],[-73.89506,40.71248],[-73.89554,40.7138],[-73.89759,40.71649],[-73.89902,40.71738],[-73.89727,40.71815],[-73.89835,40.7192],[-73.90034,40.71802],[-73.90063,40.71976],[-73.90009,40.72018],[-73.89737,40.72046],[-73.8974,40.72155],[-73.89982,40.72124],[-73.90011,40.72331],[-73.89903,40.72386],[-73.89835,40.72311],[-73.89582,40.7239],[-73.8957,40.72341],[-73.89426,40.72314],[-73.89497,40.72282],[-73.89428,40.72177],[-73.89474,40.72158],[-73.89286,40.71921],[-73.89458,40.71838]]]},"properties":{"nta2020":"QN0571","ntaname":"Mount Olivet & All Faiths Cemeteries","boroname":"Queens","ntatype":"7"}},{"type":"Feature","geometry":{"type":"Polygon","coordinates":[[[-73.88088,40.70645],[-73.88553,40.70645],[-73.8893,40.7079],[-73.88938,40.70855],[-73.88822,40.7089],[-73.88862,40.70967],[-73.88785,40.70989],[-73.88813,40.71034],[-73.88731,40.71056],[-73.88842,40.71227],[-73.88508,40.71216],[-73.88006,40.71265],[-73.87908,40.71036],[-73.87943,40.71028],[-73.87926,40.70991],[-73.87873,40.71003],[-73.87761,40.70717],[-73.88088,40.70645]]]},"properties":{"nta2020":"QN0572","ntaname":"Middle Village Cemetery","boroname":"Queens","ntatype":"7"}},{"type":"Feature","geometry":{"type":"Polygon","coordinates":[[[-73.85965,40.71338],[-73.86501,40.71078],[-73.87018,40.70923],[-73.87155,40.7126],[-73.87239,40.71783],[-73.87053,40.71816],[-73.86548,40.72028],[-73.86004,40.71493],[-73.85965,40.71338]]]},"properties":{"nta2020":"QN0573","ntaname":"St. John Cemetery","boroname":"Queens","ntatype":"7"}},{"type":"Feature","geometry":{"type":"Polygon","coordinates":[[[-73.86892,40.69515],[-73.87402,40.69419],[-73.87951,40.69115],[-73.88378,40.68786],[-73.88452,40.68668],[-73.88808,40.68529],[-73.88963,40.68424],[-73.89015,40.685],[-73.89258,40.68349],[-73.89417,40.68528],[-73.89647,40.68234],[-73.90116,40.68788],[-73.90042,40.68818],[-73.90189,40.69108],[-73.90058,40.6924],[-73.9002,40.6934],[-73.89736,40.69411],[-73.89691,40.69384],[-73.89743,40.69329],[-73.89769,40.69337],[-73.89696,40.69195],[-73.89474,40.69264],[-73.89326,40.6922],[-73.89358,40.69309],[-73.89559,40.69398],[-73.89508,40.69459],[-73.89245,40.69523],[-73.8919,40.69432],[-73.88818,40.69506],[-73.88865,40.69583],[-73.88649,40.69644],[-73.88783,40.69766],[-73.88818,40.69886],[-73.88771,40.69968],[-73.88281,40.70068],[-73.88174,40.69953],[-73.87622,40.7016],[-73.8764,40.70229],[-73.86916,40.70289],[-73.86899,40.70174],[-73.86953,40.70161],[-73.86931,40.69936],[-73.87067,40.69784],[-73.86892,40.69515]]]},"properties":{"nta2020":"QN0574","ntaname":"Highland Park-Cypress Hills Cemeteries (North)","boroname":"Queens","ntatype":"7"}},{"type":"Feature","geometry":{"type":"Polygon","coordinates":[[[-73.85877,40.73579],[-73.85626,40.73096],[-73.85851,40.73029],[-73.85763,40.72861],[-73.85798,40.72874],[-73.85942,40.72646],[-73.85727,40.72568],[-73.85805,40.72445],[-73.86204,40.72596],[-73.85991,40.72435],[-73.85868,40.72261],[-73.85729,40.71147],[-73.85976,40.71185],[-73.85964,40.71398],[-73.86004,40.71493],[-73.86524,40.71998],[-73.86929,40.72444],[-73.87146,40.72933],[-73.87524,40.73072],[-73.86462,40.73428],[-73.85877,40.73579]]]},"properties":{"nta2020":"QN0601","ntaname":"Rego Park","boroname":"Queens","ntatype":"0"}},{"type":"Feature","geometry":{"type":"Polygon","coordinates":[[[-73.83098,40.71431],[-73.83598,40.71171],[-73.84454,40.70866],[-73.84666,40.70832],[-73.84933,40.70839],[-73.85594,40.7064],[-73.85668,40.70769],[-73.85868,40.72261],[-73.85991,40.72435],[-73.86204,40.72596],[-73.85805,40.72445],[-73.85727,40.72568],[-73.85942,40.72646],[-73.85798,40.72874],[-73.85763,40.72861],[-73.85851,40.73029],[-73.85626,40.73096],[-73.85877,40.73579],[-73.85135,40.73759],[-73.84756,40.73906],[-73.84689,40.73867],[-73.84419,40.73264],[-73.83985,40.72818],[-73.83538,40.72072],[-73.83488,40.7193],[-73.82983,40.71557],[-73.8305,40.71486],[-73.83146,40.71455],[-73.83098,40.71431]]]},"properties":{"nta2020":"QN0602","ntaname":"Forest Hills","boroname":"Queens","ntatype":"0"}},{"type":"Feature","geometry":{"type":"MultiPolygon","coordinates":[[[[-73.83924,40.76563],[-73.83946,40.76545],[-73.83905,40.76596],[-73.83924,40.76563]]],[[[-73.86788,40.78736],[-73.86813,40.78723],[-73.86923,40.78597],[-73.8681,40.78746],[-73.86788,40.78736]]],[[[-73.83787,40.79844],[-73.83919,40.79778],[-73.84026,40.79759],[-73.83997,40.79691],[-73.83904,40.79705],[-73.8384,40.79676],[-73.83706,40.79385],[-73.83659,40.79208],[-73.83752,40.79101],[-73.8375,40.79046],[-73.83682,40.79047],[-73.83748,40.79043],[-73.83728,40.78901],[-73.83713,40.78956],[-73.83566,40.78957],[-73.83533,40.78921],[-73.83415,40.78907],[-73.83347,40.78846],[-73.83144,40.78917],[-73.83195,40.78941],[-73.83215,40.79003],[-73.83169,40.79107],[-73.83099,40.79157],[-73.82911,40.7919],[-73.82852,40.79249],[-73.82923,40.793],[-73.8284,40.79255],[-73.82779,40.7933],[-73.82801,40.79491],[-73.82881,40.79618],[-73.82945,40.79666],[-73.82994,40.79608],[-73.83003,40.79614],[-73.82947,40.79667],[-73.82977,40.79683],[-73.83029,40.79624],[-73.83052,40.79639],[-73.82996,40.79691],[-73.82978,40.79687],[-73.82906,40.79646],[-73.82742,40.79675],[-73.82699,40.79708],[-73.82703,40.79772],[-73.82287,40.79148],[-73.82249,40.78949],[-73.82383,40.78676],[-73.82499,40.7817],[-73.82528,40.7817],[-73.82824,40.77646],[-73.83016,40.77382],[-73.83183,40.77239],[-73.83627,40.76961],[-73.8382,40.76765],[-73.83926,40.76603],[-73.8397,40.76639],[-73.8395,40.76702],[-73.83975,40.76712],[-73.84031,40.76629],[-73.84491,40.76553],[-73.84781,40.76677],[-73.84862,40.76811],[-73.84819,40.76848],[-73.849,40.76915],[-73.84847,40.76973],[-73.84867,40.77076],[-73.84994,40.77193],[-73.85034,40.77174],[-73.8513,40.77181],[-73.84995,40.77196],[-73.85004,40.77222],[-73.84898,40.77356],[-73.84922,40.77465],[-73.84893,40.77556],[-73.84919,40.77579],[-73.84896,40.77796],[-73.84975,40.77841],[-73.84946,40.77866],[-73.84993,40.77877],[-73.84964,40.77948],[-73.85095,40.77907],[-73.85149,40.77899],[-73.84982,40.77963],[-73.85235,40.77948],[-73.85232,40.77917],[-73.85239,40.77953],[-73.84982,40.77965],[-73.84955,40.77996],[-73.85169,40.77987],[-73.85167,40.78004],[-73.84949,40.78007],[-73.84989,40.78109],[-73.85094,40.78112],[-73.84989,40.78112],[-73.84984,40.7816],[-73.84919,40.78164],[-73.84955,40.78184],[-73.84925,40.78226],[-73.85315,40.78232],[-73.85332,40.78203],[-73.85528,40.78198],[-73.85545,40.78314],[-73.85645,40.78335],[-73.85665,40.78289],[-73.85684,40.78337],[-73.85808,40.78372],[-73.85798,40.78467],[-73.85911,40.78546],[-73.85946,40.78549],[-73.85935,40.78503],[-73.85951,40.78553],[-73.85899,40.78549],[-73.85912,40.78585],[-73.85859,40.78615],[-73.85868,40.78653],[-73.85813,40.78705],[-73.85681,40.78667],[-73.85594,40.78769],[-73.85345,40.78783],[-73.85284,40.78821],[-73.85438,40.78832],[-73.8548,40.78862],[-73.85447,40.79026],[-73.85266,40.79111],[-73.85378,40.79242],[-73.85373,40.79394],[-73.85277,40.79439],[-73.85263,40.79494],[-73.85159,40.79409],[-73.84906,40.79336],[-73.84871,40.79542],[-73.84624,40.79616],[-73.84558,40.79602],[-73.8446,40.79491],[-73.84355,40.79491],[-73.84331,40.7955],[-73.84285,40.79521],[-73.84328,40.79617],[-73.84281,40.79542],[-73.84226,40.79558],[-73.84287,40.79692],[-73.84217,40.79561],[-73.84142,40.79515],[-73.8413,40.79622],[-73.84014,40.79688],[-73.84042,40.79768],[-73.83921,40.79784],[-73.83843,40.79838],[-73.83787,40.79844]]]]},"properties":{"nta2020":"QN0701","ntaname":"College Point","boroname":"Queens","ntatype":"0"}},{"type":"Feature","geometry":{"type":"Polygon","coordinates":[[[-73.79186,40.7893],[-73.79058,40.78813],[-73.79494,40.78628],[-73.79783,40.78585],[-73.80242,40.78602],[-73.803,40.78141],[-73.80325,40.78128],[-73.80303,40.78094],[-73.80379,40.77561],[-73.81486,40.77649],[-73.81453,40.77889],[-73.82331,40.77958],[-73.82224,40.78169],[-73.82499,40.7817],[-73.82383,40.78676],[-73.82259,40.78911],[-73.82247,40.79017],[-73.82287,40.79148],[-73.82703,40.79772],[-73.82662,40.79778],[-73.82612,40.79727],[-73.82505,40.79738],[-73.82399,40.79801],[-73.82423,40.7987],[-73.82386,40.79815],[-73.82343,40.79841],[-73.82372,40.7989],[-73.82325,40.79847],[-73.82331,40.79896],[-73.823,40.79864],[-73.82261,40.79889],[-73.82279,40.79934],[-73.82241,40.79909],[-73.82268,40.79949],[-73.82239,40.79911],[-73.82162,40.79999],[-73.82043,40.80063],[-73.8205,40.80101],[-73.8204,40.80064],[-73.81922,40.80059],[-73.81721,40.79921],[-73.81684,40.79911],[-73.81657,40.79941],[-73.81682,40.7991],[-73.81646,40.79935],[-73.81668,40.79906],[-73.81611,40.79861],[-73.81577,40.79902],[-73.81608,40.79857],[-73.81368,40.79755],[-73.8137,40.79708],[-73.81335,40.79767],[-73.8135,40.79694],[-73.81287,40.79718],[-73.81255,40.79805],[-73.81225,40.79813],[-73.81179,40.79803],[-73.81161,40.79737],[-73.80636,40.79639],[-73.80623,40.79682],[-73.80633,40.79639],[-73.8054,40.79617],[-73.80532,40.79651],[-73.80534,40.79616],[-73.80435,40.79621],[-73.80427,40.79664],[-73.80417,40.79623],[-73.80411,40.79668],[-73.80414,40.79623],[-73.80395,40.79665],[-73.80387,40.79631],[-73.80348,40.79647],[-73.8034,40.79691],[-73.80346,40.79647],[-73.80324,40.79708],[-73.80326,40.79671],[-73.80258,40.7963],[-73.80013,40.79645],[-73.7979,40.79556],[-73.79767,40.79599],[-73.79787,40.79555],[-73.79674,40.79521],[-73.79651,40.79565],[-73.79656,40.79514],[-73.79439,40.79481],[-73.79432,40.79357],[-73.79496,40.79187],[-73.79403,40.78962],[-73.79373,40.78904],[-73.79338,40.78958],[-73.79324,40.78953],[-73.79362,40.789],[-73.79286,40.78879],[-73.79186,40.7893]]]},"properties":{"nta2020":"QN0702","ntaname":"Whitestone-Beechhurst","boroname":"Queens","ntatype":"0"}},{"type":"Feature","geometry":{"type":"Polygon","coordinates":[[[-73.78175,40.79113],[-73.78121,40.78959],[-73.77796,40.78836],[-73.7741,40.7863],[-73.77408,40.78592],[-73.77161,40.783],[-73.7682,40.77944],[-73.76716,40.77978],[-73.76702,40.78009],[-73.76678,40.77981],[-73.76816,40.7794],[-73.7676,40.7783],[-73.76816,40.77813],[-73.76861,40.7791],[-73.77554,40.77703],[-73.77584,40.77861],[-73.79164,40.77424],[-73.79365,40.77336],[-73.79566,40.77304],[-73.79742,40.77401],[-73.79853,40.77519],[-73.80379,40.77561],[-73.80303,40.78094],[-73.80325,40.78128],[-73.803,40.78141],[-73.80242,40.78602],[-73.79783,40.78585],[-73.79494,40.78628],[-73.79058,40.78813],[-73.79186,40.7893],[-73.79028,40.79032],[-73.78568,40.79034],[-73.78384,40.79064],[-73.78253,40.79128],[-73.78434,40.79175],[-73.78175,40.79113]]]},"properties":{"nta2020":"QN0703","ntaname":"Bay Terrace-Clearview","boroname":"Queens","ntatype":"0"}},{"type":"Feature","geometry":{"type":"Polygon","coordinates":[[[-73.81486,40.77649],[-73.79853,40.77519],[-73.79742,40.77401],[-73.79522,40.77267],[-73.79318,40.7704],[-73.79396,40.7647],[-73.79303,40.76462],[-73.79344,40.76076],[-73.79076,40.76099],[-73.79032,40.75782],[-73.79493,40.7578],[-73.8003,40.7597],[-73.81105,40.76142],[-73.82064,40.75887],[-73.82348,40.76465],[-73.82467,40.77041],[-73.82656,40.77014],[-73.82657,40.77064],[-73.82957,40.77071],[-73.83055,40.77022],[-73.83058,40.77164],[-73.83152,40.77166],[-73.83159,40.77256],[-73.82888,40.77543],[-73.82528,40.7817],[-73.82224,40.78169],[-73.82331,40.77958],[-73.81453,40.77889],[-73.81486,40.77649]]]},"properties":{"nta2020":"QN0704","ntaname":"Murray Hill-Broadway Flushing","boroname":"Queens","ntatype":"0"}},{"type":"Feature","geometry":{"type":"Polygon","coordinates":[[[-73.79493,40.7578],[-73.79458,40.75356],[-73.79472,40.75062],[-73.7973,40.74944],[-73.79472,40.7476],[-73.79458,40.7464],[-73.79539,40.74666],[-73.79736,40.74647],[-73.79826,40.74697],[-73.80335,40.74643],[-73.80277,40.74812],[-73.80288,40.74977],[-73.80751,40.75014],[-73.81416,40.74614],[-73.81537,40.74722],[-73.81575,40.74698],[-73.81782,40.74739],[-73.82108,40.74856],[-73.82426,40.75183],[-73.82192,40.75317],[-73.82085,40.75224],[-73.81841,40.75383],[-73.8203,40.75551],[-73.81789,40.75709],[-73.82064,40.75887],[-73.81105,40.76142],[-73.8003,40.7597],[-73.79493,40.7578]]]},"properties":{"nta2020":"QN0705","ntaname":"East Flushing","boroname":"Queens","ntatype":"0"}},{"type":"Feature","geometry":{"type":"Polygon","coordinates":[[[-73.81537,40.74722],[-73.81368,40.7453],[-73.81431,40.74297],[-73.80824,40.74201],[-73.79947,40.74222],[-73.79695,40.74193],[-73.79723,40.7417],[-73.79726,40.74021],[-73.79629,40.73855],[-73.79672,40.73842],[-73.79641,40.73833],[-73.79822,40.73822],[-73.81506,40.73899],[-73.81497,40.73856],[-73.81608,40.73886],[-73.81678,40.73838],[-73.82485,40.73983],[-73.82497,40.73944],[-73.82556,40.73945],[-73.82634,40.73883],[-73.82796,40.7385],[-73.82809,40.73708],[-73.82947,40.73702],[-73.83054,40.73752],[-73.83113,40.73856],[-73.83091,40.73913],[-73.83134,40.73917],[-73.83116,40.74234],[-73.83586,40.74323],[-73.83593,40.7435],[-73.83544,40.74552],[-73.83411,40.74736],[-73.83309,40.74799],[-73.83125,40.74811],[-73.83096,40.74894],[-73.82787,40.74981],[-73.82584,40.74935],[-73.82577,40.75097],[-73.82426,40.75183],[-73.82108,40.74856],[-73.81782,40.74739],[-73.81575,40.74698],[-73.81537,40.74722]]]},"properties":{"nta2020":"QN0706","ntaname":"Queensboro Hill","boroname":"Queens","ntatype":"0"}},{"type":"Feature","geometry":{"type":"Polygon","coordinates":[[[-73.82064,40.75887],[-73.81789,40.75709],[-73.8203,40.75551],[-73.81841,40.75383],[-73.82085,40.75224],[-73.82192,40.75317],[-73.82577,40.75097],[-73.82584,40.74935],[-73.82766,40.74986],[-73.83096,40.74894],[-73.83125,40.74811],[-73.833,40.74783],[-73.8323,40.75194],[-73.83559,40.75138],[-73.83792,40.75454],[-73.83862,40.75704],[-73.84324,40.75534],[-73.84597,40.7607],[-73.84671,40.76135],[-73.84359,40.76337],[-73.84369,40.76361],[-73.84307,40.76359],[-73.84304,40.76432],[-73.84273,40.76463],[-73.84053,40.76539],[-73.83936,40.76541],[-73.83872,40.7669],[-73.83722,40.76874],[-73.83522,40.77038],[-73.83159,40.77256],[-73.83152,40.77166],[-73.83058,40.77164],[-73.83055,40.77022],[-73.82957,40.77071],[-73.82657,40.77064],[-73.82656,40.77014],[-73.82467,40.77041],[-73.82348,40.76465],[-73.82064,40.75887]]]},"properties":{"nta2020":"QN0707","ntaname":"Flushing-Willets Point","boroname":"Queens","ntatype":"0"}},{"type":"Feature","geometry":{"type":"Polygon","coordinates":[[[-73.77197,40.78736],[-73.77435,40.78677],[-73.77423,40.78707],[-73.77634,40.78849],[-73.7741,40.7863],[-73.77796,40.78836],[-73.78121,40.78959],[-73.78175,40.79113],[-73.78108,40.79168],[-73.78078,40.79319],[-73.78168,40.79332],[-73.78164,40.79353],[-73.78072,40.79333],[-73.78079,40.79404],[-73.7819,40.7949],[-73.78326,40.79492],[-73.782,40.79498],[-73.78154,40.79566],[-73.7798,40.79621],[-73.77936,40.79669],[-73.77752,40.79664],[-73.77618,40.7961],[-73.77402,40.79404],[-73.77363,40.79275],[-73.77236,40.79154],[-73.77212,40.79016],[-73.77063,40.78846],[-73.77082,40.78798],[-73.77197,40.78736]]]},"properties":{"nta2020":"QN0761","ntaname":"Fort Totten","boroname":"Queens","ntatype":"6"}},{"type":"Feature","geometry":{"type":"Polygon","coordinates":[[[-73.79458,40.7464],[-73.79465,40.74425],[-73.79695,40.74193],[-73.79947,40.74222],[-73.80824,40.74201],[-73.81431,40.74297],[-73.81368,40.7453],[-73.81416,40.74614],[-73.80751,40.75014],[-73.80288,40.74977],[-73.80277,40.74812],[-73.80335,40.74643],[-73.79826,40.74697],[-73.79736,40.74647],[-73.79539,40.74666],[-73.79458,40.7464]]]},"properties":{"nta2020":"QN0791","ntaname":"Kissena Park","boroname":"Queens","ntatype":"9"}},{"type":"Feature","geometry":{"type":"Polygon","coordinates":[[[-73.81497,40.73856],[-73.81469,40.73595],[-73.81523,40.72879],[-73.81475,40.72823],[-73.8107,40.72619],[-73.81063,40.72442],[-73.80782,40.71591],[-73.81731,40.71579],[-73.82012,40.71651],[-73.8193,40.71714],[-73.81952,40.71734],[-73.82531,40.71735],[-73.82557,40.71972],[-73.82731,40.72465],[-73.82805,40.72532],[-73.83058,40.7264],[-73.83307,40.72992],[-73.83386,40.73055],[-73.82567,40.73228],[-73.82485,40.73983],[-73.81693,40.73839],[-73.81633,40.73845],[-73.81608,40.73886],[-73.81497,40.73856]]]},"properties":{"nta2020":"QN0801","ntaname":"Kew Gardens Hills","boroname":"Queens","ntatype":"0"}},{"type":"Feature","geometry":{"type":"Polygon","coordinates":[[[-73.80467,40.73845],[-73.80465,40.73811],[-73.80273,40.73808],[-73.80294,40.73486],[-73.80385,40.7349],[-73.80407,40.73164],[-73.79866,40.73143],[-73.79856,40.73286],[-73.79428,40.7327],[-73.79398,40.7323],[-73.79379,40.7307],[-73.79157,40.72533],[-73.79045,40.72355],[-73.7903,40.72089],[-73.79071,40.71927],[-73.79279,40.71908],[-73.79805,40.71741],[-73.80192,40.71655],[-73.80784,40.716],[-73.81063,40.72442],[-73.8107,40.72619],[-73.81475,40.72823],[-73.81523,40.72879],[-73.81469,40.73595],[-73.81506,40.73899],[-73.80467,40.73845]]]},"properties":{"nta2020":"QN0802","ntaname":"Pomonok-Electchester-Hillcrest","boroname":"Queens","ntatype":"0"}},{"type":"Feature","geometry":{"type":"Polygon","coordinates":[[[-73.77758,40.73019],[-73.79174,40.72579],[-73.79379,40.7307],[-73.79428,40.7327],[-73.79856,40.73286],[-73.79866,40.73143],[-73.80407,40.73164],[-73.80385,40.7349],[-73.80294,40.73486],[-73.80273,40.73808],[-73.80465,40.73811],[-73.80467,40.73845],[-73.79641,40.73833],[-73.78041,40.74263],[-73.77576,40.74337],[-73.7723,40.73511],[-73.77011,40.73178],[-73.77758,40.73019]]]},"properties":{"nta2020":"QN0803","ntaname":"Fresh Meadows-Utopia","boroname":"Queens","ntatype":"0"}},{"type":"Feature","geometry":{"type":"Polygon","coordinates":[[[-73.77738,40.72245],[-73.77548,40.72372],[-73.77287,40.72487],[-73.76924,40.7259],[-73.76545,40.72647],[-73.75986,40.72587],[-73.75688,40.72628],[-73.75548,40.72512],[-73.75497,40.72416],[-73.7595,40.72103],[-73.76447,40.71889],[-73.76733,40.71729],[-73.77357,40.71512],[-73.78658,40.71197],[-73.78929,40.71203],[-73.79304,40.71071],[-73.79303,40.71198],[-73.79359,40.71413],[-73.7924,40.71619],[-73.79201,40.71797],[-73.79073,40.71921],[-73.7903,40.72089],[-73.79045,40.72355],[-73.79174,40.72579],[-73.77758,40.73019],[-73.77523,40.72524],[-73.777,40.72372],[-73.77804,40.72328],[-73.77738,40.72245]]]},"properties":{"nta2020":"QN0804","ntaname":"Jamaica Estates-Holliswood","boroname":"Queens","ntatype":"0"}},{"type":"Feature","geometry":{"type":"Polygon","coordinates":[[[-73.79304,40.71071],[-73.79777,40.70914],[-73.7987,40.71066],[-73.80141,40.70969],[-73.80302,40.70814],[-73.80548,40.71009],[-73.80805,40.70936],[-73.80695,40.70737],[-73.81201,40.70594],[-73.81153,40.70227],[-73.81648,40.70245],[-73.81953,40.70858],[-73.81954,40.70828],[-73.82131,40.71055],[-73.82395,40.71286],[-73.82558,40.71576],[-73.8234,40.71655],[-73.82188,40.71665],[-73.8171,40.71578],[-73.80474,40.71617],[-73.79805,40.71741],[-73.79279,40.71908],[-73.79071,40.71927],[-73.79201,40.71797],[-73.7924,40.71619],[-73.79359,40.71413],[-73.79303,40.71198],[-73.79304,40.71071]]]},"properties":{"nta2020":"QN0805","ntaname":"Jamaica Hills-Briarwood","boroname":"Queens","ntatype":"0"}},{"type":"Feature","geometry":{"type":"Polygon","coordinates":[[[-73.82481,40.73963],[-73.82567,40.73228],[-73.83386,40.73055],[-73.834,40.73157],[-73.83605,40.73427],[-73.83561,40.73513],[-73.8354,40.73691],[-73.83565,40.73849],[-73.83628,40.73957],[-73.83662,40.73937],[-73.83675,40.73972],[-73.83699,40.74209],[-73.8361,40.74243],[-73.83586,40.74323],[-73.83116,40.74234],[-73.83134,40.73917],[-73.83091,40.73913],[-73.83113,40.73856],[-73.83054,40.73752],[-73.82947,40.73702],[-73.82809,40.73708],[-73.82796,40.7385],[-73.82701,40.73857],[-73.82481,40.73963]]]},"properties":{"nta2020":"QN0871","ntaname":"Mount Hebron & Cedar Grove Cemeteries","boroname":"Queens","ntatype":"7"}},{"type":"Feature","geometry":{"type":"Polygon","coordinates":[[[-73.75678,40.72631],[-73.75986,40.72587],[-73.76504,40.72649],[-73.76924,40.7259],[-73.77437,40.72426],[-73.77733,40.72239],[-73.77804,40.72328],[-73.777,40.72372],[-73.77523,40.72524],[-73.77758,40.73019],[-73.77011,40.73178],[-73.7723,40.73511],[-73.77576,40.74337],[-73.77244,40.74392],[-73.76776,40.74584],[-73.76688,40.74409],[-73.76557,40.74326],[-73.76249,40.73673],[-73.76273,40.73526],[-73.76511,40.73456],[-73.7637,40.73286],[-73.76555,40.73254],[-73.76226,40.7296],[-73.75678,40.72631]]]},"properties":{"nta2020":"QN0891","ntaname":"Cunningham Park","boroname":"Queens","ntatype":"9"}},{"type":"Feature","geometry":{"type":"Polygon","coordinates":[[[-73.81648,40.70245],[-73.81686,40.70244],[-73.81733,40.70296],[-73.81754,40.70266],[-73.82246,40.70366],[-73.83152,40.70139],[-73.83213,40.70279],[-73.83392,40.70235],[-73.8346,40.70393],[-73.83662,40.70342],[-73.83814,40.70618],[-73.83715,40.70796],[-73.83828,40.70841],[-73.84315,40.70922],[-73.83598,40.71171],[-73.8311,40.71428],[-73.82558,40.71576],[-73.82395,40.71286],[-73.82131,40.71055],[-73.81954,40.70828],[-73.81953,40.70858],[-73.81648,40.70245]]]},"properties":{"nta2020":"QN0901","ntaname":"Kew Gardens","boroname":"Queens","ntatype":"0"}},{"type":"Feature","geometry":{"type":"Polygon","coordinates":[[[-73.81648,40.70245],[-73.81373,40.69713],[-73.82086,40.69535],[-73.82108,40.69578],[-73.84496,40.68916],[-73.84948,40.6982],[-73.84502,40.69936],[-73.84156,40.7011],[-73.83696,40.70421],[-73.83662,40.70342],[-73.8346,40.70393],[-73.83392,40.70235],[-73.83213,40.70279],[-73.83152,40.70139],[-73.82246,40.70366],[-73.81754,40.70266],[-73.81733,40.70296],[-73.81686,40.70244],[-73.81648,40.70245]]]},"properties":{"nta2020":"QN0902","ntaname":"Richmond Hill","boroname":"Queens","ntatype":"0"}},{"type":"Feature","geometry":{"type":"Polygon","coordinates":[[[-73.81073,40.69192],[-73.82501,40.68795],[-73.82599,40.68995],[-73.82851,40.68924],[-73.82753,40.68724],[-73.83595,40.68484],[-73.83811,40.68843],[-73.83635,40.68893],[-73.83751,40.69129],[-73.82108,40.69578],[-73.82086,40.69535],[-73.81416,40.69712],[-73.81373,40.69713],[-73.81073,40.69192]]]},"properties":{"nta2020":"QN0903","ntaname":"South Richmond Hill","boroname":"Queens","ntatype":"0"}},{"type":"Feature","geometry":{"type":"Polygon","coordinates":[[[-73.83595,40.68484],[-73.83808,40.68424],[-73.83697,40.68199],[-73.83865,40.68144],[-73.84013,40.68115],[-73.8412,40.68335],[-73.84787,40.68149],[-73.85198,40.68256],[-73.85099,40.68057],[-73.85398,40.67968],[-73.8582,40.67943],[-73.85879,40.68063],[-73.86335,40.67935],[-73.8641,40.68237],[-73.86602,40.68192],[-73.8663,40.68319],[-73.83751,40.69129],[-73.83635,40.68893],[-73.83811,40.68843],[-73.83595,40.68484]]]},"properties":{"nta2020":"QN0904","ntaname":"Ozone Park (North)","boroname":"Queens","ntatype":"0"}},{"type":"Feature","geometry":{"type":"Polygon","coordinates":[[[-73.84914,40.69828],[-73.84948,40.6982],[-73.84496,40.68916],[-73.8663,40.68319],[-73.86868,40.69403],[-73.86841,40.69473],[-73.85275,40.69756],[-73.85283,40.69841],[-73.85457,40.70059],[-73.85424,40.70074],[-73.8541,40.70051],[-73.85071,40.7002],[-73.84914,40.69828]]]},"properties":{"nta2020":"QN0905","ntaname":"Woodhaven","boroname":"Queens","ntatype":"0"}},{"type":"Feature","geometry":{"type":"Polygon","coordinates":[[[-73.80586,40.68291],[-73.80179,40.67439],[-73.80132,40.67278],[-73.80142,40.66778],[-73.80215,40.66525],[-73.80845,40.66446],[-73.81169,40.66313],[-73.81327,40.66281],[-73.82296,40.66386],[-73.82305,40.66355],[-73.82687,40.6637],[-73.83271,40.66541],[-73.84013,40.68115],[-73.83697,40.68199],[-73.83808,40.68424],[-73.82753,40.68724],[-73.82851,40.68924],[-73.82599,40.68995],[-73.82501,40.68795],[-73.81073,40.69192],[-73.80586,40.68291]]]},"properties":{"nta2020":"QN1001","ntaname":"South Ozone Park","boroname":"Queens","ntatype":"0"}},{"type":"Feature","geometry":{"type":"Polygon","coordinates":[[[-73.8412,40.68335],[-73.83335,40.66677],[-73.83791,40.66751],[-73.83845,40.66766],[-73.83834,40.66799],[-73.84047,40.66872],[-73.84014,40.66827],[-73.84243,40.66878],[-73.84258,40.66928],[-73.86132,40.67502],[-73.86235,40.67916],[-73.86328,40.67908],[-73.86335,40.67935],[-73.85879,40.68063],[-73.8582,40.67943],[-73.85398,40.67968],[-73.85099,40.68057],[-73.85198,40.68256],[-73.84787,40.68149],[-73.8412,40.68335]]]},"properties":{"nta2020":"QN1002","ntaname":"Ozone Park","boroname":"Queens","ntatype":"0"}},{"type":"Feature","geometry":{"type":"MultiPolygon","coordinates":[[[[-73.86021,40.65484],[-73.86054,40.65462],[-73.86099,40.65521],[-73.86021,40.65484]]],[[[-73.83033,40.65513],[-73.83027,40.65543],[-73.82989,40.65552],[-73.82995,40.65542],[-73.83033,40.65513]]],[[[-73.86132,40.67502],[-73.84258,40.66928],[-73.84216,40.6687],[-73.84014,40.66827],[-73.84047,40.66872],[-73.83834,40.66799],[-73.83845,40.66766],[-73.83791,40.66751],[-73.83335,40.66677],[-73.8286,40.6572],[-73.82639,40.64832],[-73.8296,40.64983],[-73.83001,40.65033],[-73.83001,40.6509],[-73.83094,40.65163],[-73.83132,40.65273],[-73.83129,40.65348],[-73.83158,40.65381],[-73.82901,40.65611],[-73.82967,40.6556],[-73.83044,40.65552],[-73.8306,40.65481],[-73.83171,40.65393],[-73.83222,40.65446],[-73.83149,40.65498],[-73.83116,40.65592],[-73.83003,40.65657],[-73.82938,40.65651],[-73.82897,40.65721],[-73.82918,40.6578],[-73.83013,40.6584],[-73.82971,40.6585],[-73.8296,40.65866],[-73.83015,40.65981],[-73.8297,40.65866],[-73.83024,40.65835],[-73.82909,40.65733],[-73.8295,40.65665],[-73.83009,40.65674],[-73.83127,40.656],[-73.83185,40.65489],[-73.83218,40.65489],[-73.8329,40.65748],[-73.83194,40.65617],[-73.8326,40.65783],[-73.83113,40.65832],[-73.83338,40.65805],[-73.8308,40.64898],[-73.83149,40.64789],[-73.83453,40.64803],[-73.83561,40.64847],[-73.83845,40.65936],[-73.83863,40.66108],[-73.83884,40.66112],[-73.83893,40.66127],[-73.83808,40.66159],[-73.83844,40.66234],[-73.8397,40.66224],[-73.83962,40.662],[-73.83998,40.6619],[-73.83681,40.64925],[-73.83739,40.64912],[-73.84679,40.6478],[-73.8484,40.6545],[-73.85321,40.65381],[-73.85437,40.65861],[-73.85355,40.65932],[-73.85362,40.65973],[-73.85967,40.65519],[-73.8614,40.65657],[-73.86062,40.65646],[-73.86021,40.65701],[-73.86007,40.65678],[-73.85983,40.65698],[-73.86007,40.65705],[-73.85958,40.65833],[-73.86026,40.65863],[-73.86023,40.6589],[-73.86098,40.65838],[-73.86049,40.65899],[-73.86061,40.65933],[-73.86132,40.65851],[-73.86093,40.65806],[-73.85977,40.65828],[-73.86058,40.65783],[-73.86035,40.65723],[-73.86087,40.65691],[-73.86161,40.657],[-73.86173,40.65803],[-73.8627,40.65762],[-73.86317,40.65828],[-73.8603,40.65963],[-73.85762,40.66012],[-73.85843,40.66345],[-73.85568,40.66387],[-73.85763,40.67166],[-73.86039,40.67125],[-73.86132,40.67502]]]]},"properties":{"nta2020":"QN1003","ntaname":"Howard Beach-Lindenwood","boroname":"Queens","ntatype":"0"}},{"type":"Feature","geometry":{"type":"MultiPolygon","coordinates":[[[[-73.85722,40.65028],[-73.86001,40.65397],[-73.86054,40.65462],[-73.86021,40.65484],[-73.85979,40.65448],[-73.85898,40.65268],[-73.85732,40.65124],[-73.85696,40.65059],[-73.85722,40.65028]]],[[[-73.85437,40.65861],[-73.85321,40.65381],[-73.8484,40.6545],[-73.84679,40.6478],[-73.83681,40.64925],[-73.83592,40.6455],[-73.83861,40.64535],[-73.84579,40.6441],[-73.84951,40.64413],[-73.85208,40.64618],[-73.85243,40.64716],[-73.85173,40.64891],[-73.85091,40.64917],[-73.85059,40.65034],[-73.84926,40.65103],[-73.8494,40.65143],[-73.85078,40.65153],[-73.85251,40.65055],[-73.85403,40.65066],[-73.85588,40.65129],[-73.85684,40.6529],[-73.85772,40.65273],[-73.85828,40.65299],[-73.85876,40.65416],[-73.85967,40.65519],[-73.85362,40.65973],[-73.85355,40.65932],[-73.85437,40.65861]]]]},"properties":{"nta2020":"QN1091","ntaname":"Spring Creek Park","boroname":"Queens","ntatype":"9"}},{"type":"Feature","geometry":{"type":"Polygon","coordinates":[[[-73.77164,40.7442],[-73.78041,40.74263],[-73.79536,40.73854],[-73.79672,40.73842],[-73.79629,40.73855],[-73.79722,40.7401],[-73.79723,40.7417],[-73.79521,40.7435],[-73.79446,40.74497],[-73.79472,40.7476],[-73.7973,40.74944],[-73.79472,40.75062],[-73.79458,40.75356],[-73.79493,40.7578],[-73.79032,40.75782],[-73.79076,40.76099],[-73.79344,40.76076],[-73.79303,40.76462],[-73.79396,40.7647],[-73.79318,40.7704],[-73.79566,40.77304],[-73.79365,40.77336],[-73.79164,40.77424],[-73.78459,40.77614],[-73.78401,40.772],[-73.77838,40.76123],[-73.77565,40.75263],[-73.77164,40.7442]]]},"properties":{"nta2020":"QN1101","ntaname":"Auburndale","boroname":"Queens","ntatype":"0"}},{"type":"Feature","geometry":{"type":"Polygon","coordinates":[[[-73.7676,40.7783],[-73.76709,40.77684],[-73.7651,40.7738],[-73.75894,40.76833],[-73.75864,40.76736],[-73.75787,40.76695],[-73.75739,40.76717],[-73.7565,40.76634],[-73.75547,40.76637],[-73.75377,40.7653],[-73.75567,40.76469],[-73.7592,40.76433],[-73.75886,40.76327],[-73.75836,40.7635],[-73.75785,40.76257],[-73.75802,40.76211],[-73.75848,40.76199],[-73.758,40.76038],[-73.75682,40.75973],[-73.75584,40.75774],[-73.75512,40.75848],[-73.75321,40.75824],[-73.7523,40.75946],[-73.75116,40.75907],[-73.75058,40.75801],[-73.75005,40.7584],[-73.74711,40.75417],[-73.74774,40.75385],[-73.74681,40.75203],[-73.74903,40.75098],[-73.75759,40.74915],[-73.7614,40.74757],[-73.76863,40.74558],[-73.77164,40.7442],[-73.77565,40.75263],[-73.77838,40.76123],[-73.78401,40.772],[-73.78459,40.77614],[-73.77584,40.77861],[-73.77554,40.77703],[-73.76861,40.7791],[-73.76816,40.77813],[-73.7676,40.7783]]]},"properties":{"nta2020":"QN1102","ntaname":"Bayside","boroname":"Queens","ntatype":"0"}},{"type":"Feature","geometry":{"type":"MultiPolygon","coordinates":[[[[-73.74506,40.77914],[-73.74429,40.77875],[-73.74481,40.77856],[-73.74506,40.77914]]],[[[-73.74672,40.78031],[-73.74559,40.77958],[-73.74682,40.77937],[-73.74724,40.78008],[-73.74672,40.78031]]],[[[-73.75062,40.7826],[-73.74825,40.78076],[-73.74736,40.77938],[-73.74778,40.77911],[-73.74717,40.77886],[-73.74679,40.77903],[-73.74535,40.77715],[-73.74569,40.77815],[-73.74611,40.77846],[-73.74601,40.77888],[-73.74529,40.77886],[-73.74462,40.77792],[-73.74524,40.7774],[-73.74525,40.77696],[-73.74502,40.7766],[-73.74508,40.77745],[-73.74467,40.77768],[-73.74443,40.77746],[-73.74442,40.77812],[-73.74408,40.77826],[-73.74433,40.77843],[-73.74404,40.77859],[-73.73938,40.77601],[-73.72153,40.76482],[-73.72098,40.76476],[-73.71333,40.75973],[-73.71699,40.75943],[-73.72015,40.75791],[-73.72113,40.75694],[-73.72294,40.75413],[-73.72736,40.75084],[-73.72904,40.74723],[-73.73096,40.74486],[-73.73374,40.74285],[-73.73487,40.74446],[-73.73543,40.74716],[-73.7383,40.74925],[-73.73985,40.7513],[-73.74087,40.75197],[-73.74172,40.75328],[-73.74128,40.75458],[-73.73929,40.75588],[-73.73926,40.75692],[-73.74121,40.7562],[-73.7425,40.75859],[-73.74311,40.75849],[-73.74347,40.75934],[-73.74474,40.76076],[-73.74598,40.76398],[-73.74937,40.76293],[-73.75021,40.76375],[-73.74688,40.76452],[-73.74941,40.76755],[-73.75339,40.76533],[-73.75507,40.76753],[-73.75486,40.7684],[-73.75439,40.76875],[-73.75471,40.7688],[-73.75471,40.76974],[-73.75553,40.77099],[-73.75557,40.77153],[-73.75438,40.77204],[-73.75337,40.77321],[-73.75424,40.77527],[-73.75519,40.7765],[-73.75481,40.77762],[-73.75552,40.77758],[-73.75552,40.7777],[-73.75471,40.77772],[-73.753,40.78129],[-73.75184,40.78234],[-73.75062,40.7826]]]]},"properties":{"nta2020":"QN1103","ntaname":"Douglaston-Little Neck","boroname":"Queens","ntatype":"0"}},{"type":"Feature","geometry":{"type":"Polygon","coordinates":[[[-73.74029,40.73852],[-73.74306,40.73548],[-73.75067,40.72918],[-73.75375,40.72743],[-73.75678,40.72631],[-73.76226,40.7296],[-73.76555,40.73254],[-73.7637,40.73286],[-73.76511,40.73456],[-73.76273,40.73526],[-73.76249,40.73673],[-73.76557,40.74326],[-73.76688,40.74409],[-73.76776,40.74584],[-73.7614,40.74757],[-73.75723,40.74926],[-73.74903,40.75098],[-73.74681,40.75203],[-73.74571,40.75159],[-73.74382,40.74743],[-73.74626,40.74671],[-73.74478,40.74328],[-73.74568,40.74303],[-73.74857,40.74334],[-73.75347,40.7424],[-73.75098,40.74002],[-73.74997,40.73975],[-73.74396,40.74079],[-73.7436,40.73901],[-73.74307,40.73844],[-73.74019,40.73903],[-73.74029,40.73852]]]},"properties":{"nta2020":"QN1104","ntaname":"Oakland Gardens-Hollis Hills","boroname":"Queens","ntatype":"0"}},{"type":"Feature","geometry":{"type":"Polygon","coordinates":[[[-73.73374,40.74285],[-73.73835,40.74034],[-73.74029,40.73852],[-73.74019,40.73903],[-73.74307,40.73844],[-73.7436,40.73901],[-73.74396,40.74079],[-73.74997,40.73975],[-73.75139,40.74019],[-73.75347,40.7424],[-73.74857,40.74334],[-73.74568,40.74303],[-73.74478,40.74328],[-73.74626,40.74671],[-73.74382,40.74743],[-73.74571,40.75159],[-73.7471,40.75235],[-73.74774,40.75385],[-73.74711,40.75417],[-73.75005,40.7584],[-73.75058,40.75801],[-73.75116,40.75907],[-73.7523,40.75946],[-73.75321,40.75824],[-73.75512,40.75848],[-73.75584,40.75774],[-73.75682,40.75973],[-73.758,40.76038],[-73.75848,40.76199],[-73.75802,40.76211],[-73.75785,40.76257],[-73.75836,40.7635],[-73.75886,40.76327],[-73.7592,40.76433],[-73.75567,40.76469],[-73.75377,40.7653],[-73.75341,40.76469],[-73.75219,40.76383],[-73.75107,40.76176],[-73.74861,40.76093],[-73.74754,40.75986],[-73.74656,40.75934],[-73.74629,40.75906],[-73.74642,40.75821],[-73.74626,40.75777],[-73.7461,40.75768],[-73.74578,40.75785],[-73.74456,40.75656],[-73.74487,40.7572],[-73.74576,40.75791],[-73.74631,40.75805],[-73.74606,40.75876],[-73.74636,40.75929],[-73.74749,40.75998],[-73.74887,40.76167],[-73.74917,40.76138],[-73.75057,40.76192],[-73.75142,40.76276],[-73.7517,40.76365],[-73.75339,40.76533],[-73.74941,40.76755],[-73.74688,40.76452],[-73.75021,40.76375],[-73.74937,40.76293],[-73.74598,40.76398],[-73.74474,40.76076],[-73.74347,40.75934],[-73.74311,40.75849],[-73.7425,40.75859],[-73.74121,40.7562],[-73.73926,40.75692],[-73.73929,40.75588],[-73.74128,40.75458],[-73.74172,40.75328],[-73.74087,40.75197],[-73.73985,40.7513],[-73.7383,40.74925],[-73.73543,40.74716],[-73.73487,40.74446],[-73.73374,40.74285]]]},"properties":{"nta2020":"QN1191","ntaname":"Alley Pond Park","boroname":"Queens","ntatype":"9"}},{"type":"Feature","geometry":{"type":"Polygon","coordinates":[[[-73.76845,40.70964],[-73.77431,40.70739],[-73.77549,40.70625],[-73.77559,40.70533],[-73.77507,40.70524],[-73.77231,40.70057],[-73.77396,40.69981],[-73.78034,40.70541],[-73.7828,40.70536],[-73.79116,40.70229],[-73.79239,40.70217],[-73.79187,40.70137],[-73.79261,40.70043],[-73.79358,40.69976],[-73.79786,40.69799],[-73.80642,40.69087],[-73.8089,40.69256],[-73.81073,40.69192],[-73.81648,40.70245],[-73.81153,40.70227],[-73.81201,40.70594],[-73.80695,40.70737],[-73.80805,40.70936],[-73.80548,40.71009],[-73.80302,40.70814],[-73.80141,40.70969],[-73.7987,40.71066],[-73.79777,40.70914],[-73.78929,40.71203],[-73.78658,40.71197],[-73.77712,40.71426],[-73.77537,40.71168],[-73.7745,40.71195],[-73.77314,40.70992],[-73.77172,40.71032],[-73.76845,40.70964]]]},"properties":{"nta2020":"QN1201","ntaname":"Jamaica","boroname":"Queens","ntatype":"0"}},{"type":"Feature","geometry":{"type":"Polygon","coordinates":[[[-73.77396,40.69981],[-73.78277,40.696],[-73.77789,40.68992],[-73.77977,40.68928],[-73.78078,40.69103],[-73.7858,40.689],[-73.79038,40.68775],[-73.79391,40.6863],[-73.79561,40.68866],[-73.79995,40.68683],[-73.79898,40.68486],[-73.80586,40.68291],[-73.81073,40.69192],[-73.8089,40.69256],[-73.80642,40.69087],[-73.79786,40.69799],[-73.79358,40.69976],[-73.79261,40.70043],[-73.79187,40.70137],[-73.79239,40.70217],[-73.79116,40.70229],[-73.78257,40.70542],[-73.78034,40.70541],[-73.77396,40.69981]]]},"properties":{"nta2020":"QN1202","ntaname":"South Jamaica","boroname":"Queens","ntatype":"0"}},{"type":"Feature","geometry":{"type":"Polygon","coordinates":[[[-73.77789,40.68992],[-73.7757,40.68761],[-73.76974,40.68379],[-73.77014,40.68311],[-73.77232,40.68149],[-73.77723,40.67965],[-73.78026,40.67784],[-73.78397,40.67512],[-73.78575,40.67238],[-73.78809,40.67301],[-73.78941,40.66684],[-73.79711,40.66695],[-73.7992,40.66652],[-73.80163,40.66676],[-73.80124,40.66984],[-73.80149,40.67354],[-73.80586,40.68291],[-73.79898,40.68486],[-73.79995,40.68683],[-73.79561,40.68866],[-73.79391,40.6863],[-73.79038,40.68775],[-73.7858,40.689],[-73.78078,40.69103],[-73.77977,40.68928],[-73.77789,40.68992]]]},"properties":{"nta2020":"QN1203","ntaname":"Baisley Park","boroname":"Queens","ntatype":"0"}},{"type":"Feature","geometry":{"type":"Polygon","coordinates":[[[-73.76031,40.67511],[-73.7585,40.67265],[-73.75636,40.67243],[-73.75644,40.66967],[-73.75763,40.66645],[-73.77342,40.66803],[-73.78941,40.66684],[-73.78809,40.67301],[-73.78575,40.67238],[-73.78397,40.67512],[-73.78095,40.67735],[-73.77723,40.67965],[-73.77232,40.68149],[-73.77014,40.68311],[-73.76974,40.68379],[-73.76161,40.67973],[-73.76325,40.67679],[-73.76368,40.67475],[-73.76249,40.67419],[-73.76031,40.67511]]]},"properties":{"nta2020":"QN1204","ntaname":"Springfield Gardens (North)-Rochdale Village","boroname":"Queens","ntatype":"0"}},{"type":"Feature","geometry":{"type":"Polygon","coordinates":[[[-73.75047,40.70564],[-73.74618,40.69612],[-73.74507,40.69639],[-73.74359,40.69622],[-73.74468,40.69341],[-73.75002,40.68589],[-73.75226,40.68149],[-73.75485,40.67793],[-73.75576,40.67589],[-73.75649,40.67602],[-73.75692,40.67653],[-73.76249,40.67419],[-73.76368,40.67475],[-73.76325,40.67679],[-73.76161,40.67973],[-73.76974,40.68379],[-73.7757,40.68761],[-73.77726,40.68907],[-73.78277,40.696],[-73.77231,40.70057],[-73.77507,40.70524],[-73.77559,40.70533],[-73.77549,40.70625],[-73.77431,40.70739],[-73.76845,40.70964],[-73.76734,40.70664],[-73.7623,40.70795],[-73.76176,40.70661],[-73.76213,40.7055],[-73.76096,40.70291],[-73.75047,40.70564]]]},"properties":{"nta2020":"QN1205","ntaname":"St. Albans","boroname":"Queens","ntatype":"0"}},{"type":"Feature","geometry":{"type":"Polygon","coordinates":[[[-73.75047,40.70564],[-73.76096,40.70291],[-73.76213,40.7055],[-73.76176,40.70661],[-73.7623,40.70795],[-73.76734,40.70664],[-73.76826,40.70953],[-73.77172,40.71032],[-73.77314,40.70992],[-73.7745,40.71195],[-73.77537,40.71168],[-73.77712,40.71426],[-73.77357,40.71512],[-73.76733,40.71729],[-73.76447,40.71889],[-73.75944,40.72106],[-73.75371,40.71332],[-73.75047,40.70564]]]},"properties":{"nta2020":"QN1206","ntaname":"Hollis","boroname":"Queens","ntatype":"0"}},{"type":"Feature","geometry":{"type":"Polygon","coordinates":[[[-73.71333,40.75973],[-73.70163,40.75249],[-73.70001,40.73932],[-73.70147,40.73751],[-73.70766,40.72783],[-73.7105,40.72723],[-73.71075,40.73053],[-73.71148,40.7325],[-73.71545,40.73922],[-73.7201,40.74978],[-73.72259,40.74885],[-73.7234,40.75039],[-73.72627,40.74931],[-73.72768,40.74964],[-73.72829,40.74746],[-73.72865,40.74807],[-73.72736,40.75084],[-73.72294,40.75413],[-73.72113,40.75694],[-73.72015,40.75791],[-73.71699,40.75943],[-73.71333,40.75973]]]},"properties":{"nta2020":"QN1301","ntaname":"Glen Oaks-Floral Park-New Hyde Park","boroname":"Queens","ntatype":"0"}},{"type":"Feature","geometry":{"type":"Polygon","coordinates":[[[-73.7105,40.72723],[-73.71693,40.72639],[-73.72567,40.72404],[-73.72816,40.72308],[-73.72836,40.72361],[-73.72991,40.72327],[-73.73147,40.72741],[-73.74556,40.73064],[-73.74649,40.73141],[-73.74674,40.73258],[-73.74306,40.73548],[-73.73901,40.73986],[-73.73253,40.74377],[-73.73233,40.74365],[-73.73096,40.74486],[-73.72865,40.74807],[-73.72829,40.74746],[-73.72768,40.74964],[-73.72627,40.74931],[-73.7234,40.75039],[-73.72259,40.74885],[-73.7201,40.74978],[-73.71545,40.73922],[-73.71148,40.7325],[-73.71075,40.73053],[-73.7105,40.72723]]]},"properties":{"nta2020":"QN1302","ntaname":"Bellerose","boroname":"Queens","ntatype":"0"}},{"type":"Feature","geometry":{"type":"Polygon","coordinates":[[[-73.72991,40.72327],[-73.72836,40.72361],[-73.72816,40.72308],[-73.73033,40.72216],[-73.72918,40.71917],[-73.72697,40.71071],[-73.72678,40.70306],[-73.73426,40.70322],[-73.7343,40.70248],[-73.74078,40.70268],[-73.7405,40.70343],[-73.74149,40.70343],[-73.74591,40.70229],[-73.745,40.70026],[-73.74773,40.69955],[-73.75371,40.71332],[-73.75944,40.72106],[-73.75497,40.72416],[-73.75548,40.72512],[-73.75688,40.72628],[-73.75189,40.72842],[-73.74674,40.73258],[-73.74649,40.73141],[-73.74556,40.73064],[-73.73147,40.72741],[-73.72991,40.72327]]]},"properties":{"nta2020":"QN1303","ntaname":"Queens Village","boroname":"Queens","ntatype":"0"}},{"type":"Feature","geometry":{"type":"Polygon","coordinates":[[[-73.74078,40.70268],[-73.7343,40.70248],[-73.73426,40.70322],[-73.72678,40.70306],[-73.72586,40.68324],[-73.74747,40.68932],[-73.74468,40.69341],[-73.74359,40.69622],[-73.74507,40.69639],[-73.74618,40.69612],[-73.74773,40.69955],[-73.745,40.70026],[-73.74591,40.70229],[-73.74109,40.70348],[-73.7405,40.70343],[-73.74078,40.70268]]]},"properties":{"nta2020":"QN1304","ntaname":"Cambria Heights","boroname":"Queens","ntatype":"0"}},{"type":"Feature","geometry":{"type":"Polygon","coordinates":[[[-73.73453,40.68577],[-73.72718,40.6836],[-73.72852,40.68121],[-73.73513,40.67394],[-73.73592,40.67265],[-73.73552,40.67256],[-73.73678,40.67077],[-73.73718,40.67091],[-73.74118,40.6664],[-73.75763,40.66645],[-73.75644,40.66967],[-73.75636,40.67243],[-73.7585,40.67265],[-73.76031,40.67511],[-73.75692,40.67653],[-73.75649,40.67602],[-73.75576,40.67589],[-73.75485,40.67793],[-73.75226,40.68149],[-73.75002,40.68589],[-73.74095,40.68329],[-73.74046,40.68419],[-73.7395,40.6839],[-73.73965,40.6836],[-73.73581,40.68245],[-73.73424,40.68534],[-73.73395,40.68526],[-73.73453,40.68577]]]},"properties":{"nta2020":"QN1305","ntaname":"Laurelton","boroname":"Queens","ntatype":"0"}},{"type":"Feature","geometry":{"type":"Polygon","coordinates":[[[-73.75763,40.66645],[-73.73849,40.66642],[-73.74002,40.66475],[-73.74244,40.66087],[-73.74496,40.65817],[-73.74487,40.65614],[-73.74329,40.65613],[-73.74333,40.65254],[-73.74655,40.65256],[-73.74645,40.65154],[-73.74587,40.65044],[-73.74615,40.65047],[-73.74644,40.64805],[-73.74608,40.64557],[-73.74617,40.64486],[-73.74712,40.64437],[-73.74857,40.64555],[-73.76976,40.65748],[-73.77383,40.65965],[-73.77933,40.66184],[-73.77919,40.66169],[-73.78342,40.66308],[-73.78751,40.66383],[-73.79641,40.66502],[-73.80215,40.66525],[-73.80163,40.66676],[-73.7992,40.66652],[-73.79711,40.66695],[-73.78941,40.66684],[-73.77342,40.66803],[-73.75763,40.66645]]]},"properties":{"nta2020":"QN1306","ntaname":"Springfield Gardens (South)-Brookville","boroname":"Queens","ntatype":"0"}},{"type":"Feature","geometry":{"type":"Polygon","coordinates":[[[-73.72586,40.68324],[-73.72563,40.67959],[-73.72629,40.67706],[-73.72756,40.67416],[-73.72824,40.66802],[-73.72782,40.66312],[-73.72833,40.66304],[-73.72557,40.65673],[-73.7255,40.65552],[-73.72498,40.65425],[-73.72523,40.652],[-73.73051,40.65031],[-73.73514,40.64973],[-73.73904,40.6482],[-73.74144,40.64689],[-73.74166,40.6422],[-73.74205,40.64147],[-73.74142,40.6405],[-73.74227,40.64012],[-73.74126,40.6389],[-73.73947,40.63571],[-73.73996,40.63514],[-73.74177,40.63488],[-73.7425,40.63514],[-73.74242,40.63575],[-73.74125,40.63694],[-73.74112,40.63747],[-73.74096,40.6373],[-73.7413,40.6379],[-73.74189,40.63812],[-73.74273,40.63827],[-73.74397,40.63788],[-73.74352,40.63889],[-73.74373,40.63902],[-73.7448,40.63708],[-73.74471,40.63731],[-73.74643,40.63648],[-73.74677,40.63689],[-73.74516,40.63808],[-73.7453,40.63833],[-73.74567,40.63812],[-73.74551,40.63794],[-73.74704,40.63693],[-73.74617,40.64039],[-73.74675,40.6423],[-73.7479,40.64385],[-73.74875,40.64447],[-73.74878,40.64512],[-73.74945,40.64493],[-73.75205,40.64665],[-73.75157,40.64726],[-73.74832,40.6454],[-73.74712,40.64437],[-73.74617,40.64486],[-73.74644,40.64805],[-73.74615,40.65047],[-73.74587,40.65044],[-73.74645,40.65154],[-73.74655,40.65256],[-73.74333,40.65254],[-73.74329,40.65613],[-73.74487,40.65614],[-73.74501,40.65802],[-73.74244,40.66087],[-73.74002,40.66475],[-73.73849,40.66642],[-73.74118,40.6664],[-73.73718,40.67091],[-73.73678,40.67077],[-73.73552,40.67256],[-73.73592,40.67265],[-73.73513,40.67394],[-73.72852,40.68121],[-73.72718,40.6836],[-73.72586,40.68324]]]},"properties":{"nta2020":"QN1307","ntaname":"Rosedale","boroname":"Queens","ntatype":"0"}},{"type":"Feature","geometry":{"type":"Polygon","coordinates":[[[-73.74747,40.68932],[-73.7376,40.68636],[-73.73744,40.6867],[-73.73396,40.68564],[-73.73453,40.68577],[-73.73395,40.68526],[-73.73424,40.68534],[-73.73581,40.68245],[-73.73965,40.6836],[-73.7395,40.6839],[-73.74046,40.68419],[-73.74095,40.68329],[-73.75002,40.68589],[-73.74747,40.68932]]]},"properties":{"nta2020":"QN1371","ntaname":"Montefiore Cemetery","boroname":"Queens","ntatype":"7"}},{"type":"Feature","geometry":{"type":"Polygon","coordinates":[[[-73.76964,40.59077],[-73.77023,40.59397],[-73.7727,40.59312],[-73.77281,40.59407],[-73.77367,40.59389],[-73.77388,40.59577],[-73.77066,40.596],[-73.7711,40.5983],[-73.76946,40.59826],[-73.76815,40.59782],[-73.76794,40.59812],[-73.77034,40.59898],[-73.7709,40.59884],[-73.77116,40.59939],[-73.77084,40.60181],[-73.77019,40.60275],[-73.77057,40.60484],[-73.77,40.60535],[-73.76983,40.60784],[-73.76894,40.60918],[-73.76972,40.61004],[-73.77129,40.61042],[-73.77221,40.6115],[-73.7734,40.61109],[-73.77297,40.61016],[-73.77377,40.61126],[-73.77394,40.61212],[-73.77417,40.61183],[-73.77342,40.61366],[-73.76691,40.61429],[-73.7653,40.61382],[-73.76502,40.61349],[-73.76506,40.61204],[-73.7623,40.61136],[-73.76172,40.61185],[-73.76024,40.61082],[-73.76178,40.60915],[-73.76155,40.60903],[-73.75998,40.61088],[-73.75949,40.61082],[-73.75972,40.61015],[-73.7592,40.61037],[-73.75587,40.61031],[-73.75561,40.61008],[-73.75587,40.61039],[-73.755,40.61013],[-73.74822,40.61201],[-73.74799,40.61231],[-73.74761,40.612],[-73.74722,40.61218],[-73.74686,40.61157],[-73.74576,40.61199],[-73.74311,40.60772],[-73.7434,40.60747],[-73.7384,40.60312],[-73.73836,40.5976],[-73.73872,40.59695],[-73.73858,40.59725],[-73.73879,40.59698],[-73.73938,40.59724],[-73.73993,40.59705],[-73.74012,40.59673],[-73.7398,40.59643],[-73.7401,40.59621],[-73.74039,40.59618],[-73.74036,40.59677],[-73.74064,40.597],[-73.74183,40.5967],[-73.74052,40.59657],[-73.74055,40.59612],[-73.73993,40.59606],[-73.73946,40.59688],[-73.73988,40.59677],[-73.73975,40.59654],[-73.73991,40.59677],[-73.7398,40.59688],[-73.73951,40.59704],[-73.7394,40.59705],[-73.73895,40.59676],[-73.73838,40.59712],[-73.73841,40.59592],[-73.73799,40.59456],[-73.73849,40.59435],[-73.74063,40.59472],[-73.7409,40.59449],[-73.74223,40.59491],[-73.74666,40.5943],[-73.74913,40.59322],[-73.75169,40.59131],[-73.75345,40.59096],[-73.75595,40.59087],[-73.76134,40.59173],[-73.76797,40.59073],[-73.76964,40.59077]]]},"properties":{"nta2020":"QN1401","ntaname":"Far Rockaway-Bayswater","boroname":"Queens","ntatype":"0"}},{"type":"Feature","geometry":{"type":"Polygon","coordinates":[[[-73.78631,40.60312],[-73.78807,40.60085],[-73.7903,40.59927],[-73.79124,40.59679],[-73.79065,40.59478],[-73.79042,40.59475],[-73.79057,40.59495],[-73.79081,40.59609],[-73.79059,40.59611],[-73.79038,40.59475],[-73.79015,40.59482],[-73.79042,40.59605],[-73.79018,40.59607],[-73.79013,40.59482],[-73.78987,40.59472],[-73.78967,40.59484],[-73.79,40.59621],[-73.7897,40.59623],[-73.78967,40.59486],[-73.78917,40.59519],[-73.78916,40.59608],[-73.78824,40.59611],[-73.78837,40.59751],[-73.78209,40.59786],[-73.78195,40.59646],[-73.7798,40.59661],[-73.77967,40.59737],[-73.77742,40.59881],[-73.776,40.60139],[-73.77497,40.60174],[-73.77473,40.60072],[-73.77412,40.59987],[-73.77422,40.59901],[-73.77374,40.59867],[-73.77371,40.59823],[-73.773,40.59788],[-73.7711,40.5983],[-73.77066,40.596],[-73.77388,40.59577],[-73.77367,40.59389],[-73.77281,40.59407],[-73.7727,40.59312],[-73.77023,40.59397],[-73.76964,40.59077],[-73.77584,40.59032],[-73.78043,40.5896],[-73.78878,40.58745],[-73.78941,40.58763],[-73.79201,40.58722],[-73.80799,40.584],[-73.81352,40.58347],[-73.82134,40.58126],[-73.82404,40.58563],[-73.82466,40.58545],[-73.8249,40.58595],[-73.82525,40.5869],[-73.82481,40.58715],[-73.82294,40.58749],[-73.82146,40.58677],[-73.81742,40.58892],[-73.81764,40.58929],[-73.81674,40.58932],[-73.81525,40.58999],[-73.8147,40.59061],[-73.81363,40.59079],[-73.81326,40.59105],[-73.81359,40.5917],[-73.81323,40.59107],[-73.81214,40.59136],[-73.81151,40.59178],[-73.81149,40.5929],[-73.81133,40.59174],[-73.81082,40.59209],[-73.81095,40.5925],[-73.81139,40.59244],[-73.81141,40.59287],[-73.81107,40.59302],[-73.81137,40.5927],[-73.81075,40.59279],[-73.81137,40.59268],[-73.81136,40.59246],[-73.81094,40.59255],[-73.81081,40.59209],[-73.8099,40.59227],[-73.81004,40.59308],[-73.80973,40.5924],[-73.80981,40.59271],[-73.80971,40.59244],[-73.80949,40.59277],[-73.80962,40.59358],[-73.80603,40.59201],[-73.80578,40.59076],[-73.80582,40.59189],[-73.8043,40.59132],[-73.80417,40.59185],[-73.80783,40.59337],[-73.80798,40.59416],[-73.80711,40.59528],[-73.80604,40.59555],[-73.80485,40.59506],[-73.80411,40.59432],[-73.80381,40.59289],[-73.80244,40.59264],[-73.80251,40.59395],[-73.80314,40.59376],[-73.80318,40.59395],[-73.80251,40.59397],[-73.80257,40.59427],[-73.80324,40.59409],[-73.80329,40.59428],[-73.80235,40.5945],[-73.80319,40.59466],[-73.80344,40.59443],[-73.8032,40.59468],[-73.80338,40.59487],[-73.80366,40.59473],[-73.80372,40.59482],[-73.80365,40.59475],[-73.80338,40.59489],[-73.8032,40.59487],[-73.80321,40.59515],[-73.80391,40.595],[-73.80331,40.59518],[-73.80368,40.5952],[-73.80511,40.59715],[-73.80298,40.59884],[-73.80167,40.5989],[-73.80092,40.59939],[-73.80078,40.59916],[-73.79914,40.59937],[-73.79843,40.59917],[-73.79421,40.59948],[-73.79151,40.60038],[-73.78786,40.60311],[-73.78631,40.60312]]]},"properties":{"nta2020":"QN1402","ntaname":"Rockaway Beach-Arverne-Edgemere","boroname":"Queens","ntatype":"0"}},{"type":"Feature","geometry":{"type":"MultiPolygon","coordinates":[[[[-73.8839,40.56891],[-73.88313,40.56838],[-73.88276,40.56757],[-73.90333,40.56185],[-73.90807,40.56079],[-73.9101,40.56077],[-73.90989,40.55667],[-73.91317,40.55634],[-73.92099,40.55628],[-73.92207,40.55515],[-73.9291,40.55309],[-73.93119,40.55702],[-73.93167,40.55685],[-73.93222,40.55768],[-73.92616,40.56155],[-73.92421,40.562],[-73.92108,40.56208],[-73.92037,40.56222],[-73.92026,40.56261],[-73.92033,40.56223],[-73.91766,40.56283],[-73.91455,40.56435],[-73.91188,40.56499],[-73.91216,40.56584],[-73.91174,40.56587],[-73.91186,40.565],[-73.9108,40.56511],[-73.91004,40.56479],[-73.90977,40.56531],[-73.90972,40.56529],[-73.91002,40.56478],[-73.90976,40.56428],[-73.90873,40.56393],[-73.90792,40.56415],[-73.90799,40.56344],[-73.90665,40.56279],[-73.90469,40.56283],[-73.90287,40.56351],[-73.90252,40.56295],[-73.90171,40.56274],[-73.9,40.56322],[-73.89613,40.56536],[-73.89534,40.56633],[-73.89567,40.56703],[-73.89519,40.56691],[-73.89261,40.56859],[-73.88911,40.56792],[-73.88431,40.5687],[-73.88489,40.56847],[-73.8843,40.56844],[-73.88474,40.56827],[-73.88446,40.56789],[-73.88379,40.56812],[-73.88402,40.5685],[-73.88358,40.56821],[-73.88348,40.56847],[-73.8839,40.56891]]],[[[-73.82467,40.58549],[-73.82404,40.58563],[-73.82134,40.58126],[-73.83387,40.57765],[-73.83778,40.57592],[-73.8572,40.5691],[-73.86255,40.56681],[-73.86287,40.56683],[-73.86407,40.5693],[-73.86454,40.56924],[-73.86668,40.57299],[-73.86335,40.57402],[-73.86397,40.57503],[-73.86275,40.57586],[-73.86288,40.57606],[-73.85306,40.58126],[-73.85044,40.58213],[-73.84861,40.58219],[-73.84521,40.58158],[-73.83935,40.58186],[-73.83855,40.58279],[-73.83584,40.58288],[-73.82852,40.58485],[-73.82804,40.58605],[-73.82525,40.5869],[-73.82467,40.58549]]],[[[-73.82017,40.61518],[-73.8175,40.61421],[-73.81653,40.61495],[-73.81623,40.61423],[-73.81444,40.61475],[-73.81408,40.61456],[-73.81468,40.61398],[-73.81486,40.6143],[-73.8155,40.61404],[-73.8148,40.61319],[-73.81504,40.61298],[-73.81547,40.61334],[-73.81616,40.61294],[-73.8154,40.61038],[-73.8145,40.61106],[-73.81521,40.60982],[-73.81477,40.60885],[-73.81487,40.60802],[-73.81574,40.60647],[-73.81546,40.60643],[-73.81553,40.60616],[-73.81553,40.60641],[-73.81596,40.60626],[-73.81589,40.60593],[-73.81643,40.60522],[-73.81739,40.60516],[-73.81725,40.60394],[-73.81772,40.60223],[-73.81831,40.60134],[-73.81849,40.59939],[-73.81928,40.59753],[-73.82038,40.59657],[-73.82067,40.5952],[-73.8212,40.59471],[-73.82414,40.59463],[-73.82548,40.59508],[-73.83322,40.59422],[-73.83425,40.59466],[-73.83485,40.59554],[-73.8344,40.59646],[-73.83239,40.5978],[-73.83154,40.59795],[-73.83063,40.59743],[-73.82948,40.59813],[-73.8291,40.59776],[-73.82806,40.59768],[-73.82598,40.59947],[-73.82557,40.59855],[-73.82465,40.59815],[-73.82396,40.59888],[-73.82452,40.59895],[-73.82477,40.59839],[-73.82453,40.59913],[-73.82408,40.59891],[-73.82377,40.60004],[-73.82194,40.5998],[-73.82147,40.59999],[-73.82444,40.60034],[-73.82445,40.6008],[-73.82354,40.60156],[-73.82362,40.60229],[-73.82294,40.60258],[-73.8229,40.60469],[-73.82247,40.60552],[-73.8229,40.60585],[-73.82126,40.607],[-73.82003,40.60892],[-73.81962,40.61048],[-73.82043,40.61207],[-73.82088,40.61226],[-73.82128,40.6111],[-73.82049,40.61022],[-73.82086,40.60923],[-73.82161,40.60848],[-73.82186,40.60987],[-73.82289,40.61034],[-73.824,40.61163],[-73.8241,40.61233],[-73.82142,40.61505],[-73.82017,40.61518]]]]},"properties":{"nta2020":"QN1403","ntaname":"Breezy Point-Belle Harbor-Rockaway Park-Broad Channel","boroname":"Queens","ntatype":"0"}},{"type":"Feature","geometry":{"type":"MultiPolygon","coordinates":[[[[-73.77464,40.60085],[-73.77476,40.60083],[-73.77476,40.60085],[-73.77464,40.60085]]],[[[-73.77462,40.60097],[-73.77448,40.60097],[-73.77475,40.60095],[-73.77462,40.60097]]],[[[-73.77769,40.6098],[-73.77522,40.6097],[-73.77413,40.60875],[-73.77481,40.6084],[-73.77422,40.60764],[-73.7746,40.60742],[-73.77485,40.60802],[-73.77524,40.60855],[-73.77601,40.60919],[-73.77459,40.6073],[-73.77519,40.6045],[-73.77469,40.60432],[-73.77538,40.60416],[-73.77588,40.60347],[-73.77605,40.60275],[-73.77559,40.60304],[-73.77569,40.60281],[-73.77648,40.60245],[-73.7778,40.60097],[-73.77837,40.60084],[-73.77808,40.6007],[-73.77818,40.60039],[-73.78011,40.60073],[-73.78194,40.59907],[-73.78189,40.59844],[-73.78133,40.59775],[-73.78017,40.5972],[-73.78016,40.59688],[-73.77975,40.59727],[-73.77968,40.59669],[-73.78195,40.59646],[-73.78209,40.59786],[-73.7867,40.59762],[-73.78837,40.59751],[-73.78824,40.59611],[-73.78916,40.59608],[-73.78907,40.59802],[-73.78597,40.60032],[-73.78579,40.60057],[-73.78614,40.60065],[-73.78578,40.60059],[-73.78564,40.6008],[-73.78598,40.60092],[-73.78563,40.60082],[-73.78539,40.60152],[-73.78351,40.60256],[-73.78313,40.60376],[-73.78395,40.60482],[-73.78367,40.60532],[-73.77927,40.60931],[-73.77769,40.6098]]]]},"properties":{"nta2020":"QN1491","ntaname":"Rockaway Community Park","boroname":"Queens","ntatype":"9"}},{"type":"Feature","geometry":{"type":"MultiPolygon","coordinates":[[[[-73.87281,40.7859],[-73.87283,40.78595],[-73.87277,40.78594],[-73.87281,40.7859]]],[[[-73.87125,40.78604],[-73.86978,40.78534],[-73.86918,40.78594],[-73.86987,40.78509],[-73.86944,40.78364],[-73.86861,40.78381],[-73.86849,40.78369],[-73.86942,40.78359],[-73.87048,40.78231],[-73.87146,40.78213],[-73.87232,40.7811],[-73.87022,40.78125],[-73.87234,40.78109],[-73.87256,40.78082],[-73.85505,40.7722],[-73.85646,40.77027],[-73.85788,40.77066],[-73.85804,40.7702],[-73.85735,40.77018],[-73.85621,40.7692],[-73.85625,40.76889],[-73.85705,40.76914],[-73.85768,40.76828],[-73.85938,40.76708],[-73.86086,40.76693],[-73.8611,40.76727],[-73.86131,40.76694],[-73.86269,40.76688],[-73.86043,40.76387],[-73.86094,40.76373],[-73.86427,40.76743],[-73.868,40.77026],[-73.87026,40.77136],[-73.8726,40.77183],[-73.8752,40.77177],[-73.87754,40.77125],[-73.88432,40.76798],[-73.88773,40.76691],[-73.88822,40.76862],[-73.88874,40.76892],[-73.88945,40.77353],[-73.88581,40.77402],[-73.88583,40.77411],[-73.88567,40.77413],[-73.88567,40.77443],[-73.88563,40.7741],[-73.88578,40.77402],[-73.88392,40.77413],[-73.88455,40.77436],[-73.88484,40.77495],[-73.88477,40.77533],[-73.88429,40.77548],[-73.88525,40.77861],[-73.88512,40.77951],[-73.88541,40.77966],[-73.88511,40.77952],[-73.88488,40.77999],[-73.88385,40.78026],[-73.87961,40.78085],[-73.87871,40.78059],[-73.87931,40.78185],[-73.87886,40.7824],[-73.87975,40.78284],[-73.8797,40.78288],[-73.87883,40.78243],[-73.87834,40.78303],[-73.87516,40.78151],[-73.87125,40.78604]]]]},"properties":{"nta2020":"QN8081","ntaname":"LaGuardia Airport","boroname":"Queens","ntatype":"8"}},{"type":"Feature","geometry":{"type":"Polygon","coordinates":[[[-73.84671,40.76135],[-73.84597,40.7607],[-73.84324,40.75534],[-73.83862,40.75704],[-73.83792,40.75454],[-73.83559,40.75138],[-73.8323,40.75194],[-73.83309,40.74799],[-73.83463,40.74688],[-73.83568,40.74485],[-73.8361,40.74243],[-73.83707,40.74186],[-73.83669,40.73954],[-73.83628,40.73957],[-73.83565,40.73849],[-73.8354,40.73691],[-73.83561,40.73513],[-73.83605,40.73427],[-73.834,40.73157],[-73.83386,40.73055],[-73.83307,40.72992],[-73.83073,40.72655],[-73.8298,40.7259],[-73.82805,40.72532],[-73.82731,40.72465],[-73.82557,40.71972],[-73.8254,40.71741],[-73.81952,40.71734],[-73.8193,40.71714],[-73.81998,40.71658],[-73.8234,40.71655],[-73.82392,40.71618],[-73.8299,40.71457],[-73.83098,40.71431],[-73.83146,40.71455],[-73.8305,40.71486],[-73.82983,40.71557],[-73.83488,40.7193],[-73.83538,40.72072],[-73.83985,40.72818],[-73.84419,40.73264],[-73.84689,40.73867],[-73.84721,40.73864],[-73.84809,40.74003],[-73.85012,40.74072],[-73.85437,40.74874],[-73.85086,40.75],[-73.85262,40.75341],[-73.85407,40.75766],[-73.85577,40.75954],[-73.85912,40.76128],[-73.86094,40.76373],[-73.86043,40.76387],[-73.85892,40.76212],[-73.85865,40.76251],[-73.85889,40.76213],[-73.85862,40.76194],[-73.85765,40.76308],[-73.8585,40.76338],[-73.85834,40.76356],[-73.85764,40.7631],[-73.85696,40.76407],[-73.85667,40.76393],[-73.85758,40.76307],[-73.85659,40.76272],[-73.85678,40.76251],[-73.8576,40.76305],[-73.85818,40.7624],[-73.85661,40.76165],[-73.85819,40.76237],[-73.85859,40.76192],[-73.85466,40.76017],[-73.8527,40.76013],[-73.85159,40.75936],[-73.85022,40.75957],[-73.8493,40.76024],[-73.84987,40.7611],[-73.85207,40.76039],[-73.84981,40.76127],[-73.84917,40.7603],[-73.84869,40.76014],[-73.84671,40.76135]]]},"properties":{"nta2020":"QN8191","ntaname":"Flushing Meadows-Corona Park","boroname":"Queens","ntatype":"9"}},{"type":"Feature","geometry":{"type":"Polygon","coordinates":[[[-73.83696,40.70421],[-73.84156,40.7011],[-73.84502,40.69936],[-73.84914,40.69828],[-73.85071,40.7002],[-73.85449,40.70064],[-73.85283,40.69841],[-73.85275,40.69756],[-73.86841,40.69473],[-73.87067,40.69784],[-73.86931,40.69936],[-73.86953,40.70161],[-73.86899,40.70174],[-73.86916,40.70289],[-73.86281,40.70341],[-73.85808,40.7029],[-73.85893,40.70132],[-73.85827,40.70122],[-73.85728,40.70121],[-73.85723,40.70165],[-73.8553,40.70199],[-73.85529,40.7026],[-73.85252,40.70229],[-73.85471,40.70521],[-73.85472,40.70677],[-73.84933,40.70839],[-73.84567,40.70841],[-73.84315,40.70922],[-73.83828,40.70841],[-73.83715,40.70796],[-73.83814,40.70626],[-73.83696,40.70421]]]},"properties":{"nta2020":"QN8291","ntaname":"Forest Park","boroname":"Queens","ntatype":"9"}},{"type":"Feature","geometry":{"type":"MultiPolygon","coordinates":[[[[-73.74713,40.63722],[-73.74712,40.63715],[-73.74716,40.63706],[-73.74713,40.63722]]],[[[-73.74694,40.63753],[-73.74705,40.63755],[-73.74694,40.63755],[-73.74694,40.63753]]],[[[-73.8279,40.66391],[-73.82305,40.66355],[-73.82296,40.66386],[-73.81327,40.66281],[-73.81169,40.66313],[-73.80845,40.66446],[-73.80614,40.66491],[-73.79982,40.66526],[-73.78503,40.66342],[-73.77919,40.66169],[-73.77933,40.66184],[-73.77383,40.65965],[-73.75157,40.64726],[-73.75205,40.64665],[-73.75327,40.64733],[-73.75323,40.64705],[-73.75354,40.6472],[-73.75329,40.64734],[-73.75428,40.64789],[-73.75493,40.64757],[-73.75379,40.64671],[-73.75374,40.64696],[-73.7534,40.64681],[-73.75376,40.64669],[-73.74908,40.64363],[-73.74777,40.64209],[-73.7474,40.64135],[-73.74745,40.64002],[-73.74845,40.63564],[-73.74904,40.63508],[-73.7507,40.63463],[-73.75244,40.63368],[-73.75739,40.63211],[-73.76309,40.62966],[-73.76453,40.62922],[-73.76501,40.62941],[-73.76474,40.62917],[-73.7665,40.62825],[-73.7686,40.62473],[-73.76884,40.62394],[-73.76867,40.62273],[-73.76972,40.62176],[-73.76961,40.62115],[-73.77019,40.61979],[-73.77165,40.62042],[-73.77172,40.62096],[-73.77081,40.62295],[-73.77086,40.62333],[-73.77144,40.62328],[-73.77173,40.62359],[-73.77203,40.62299],[-73.77219,40.623],[-73.77512,40.61923],[-73.77518,40.61926],[-73.77221,40.62301],[-73.77236,40.62315],[-73.77174,40.62361],[-73.77654,40.62765],[-73.77947,40.62732],[-73.78419,40.62089],[-73.78956,40.62279],[-73.78594,40.62585],[-73.78536,40.62671],[-73.78488,40.62663],[-73.78363,40.62814],[-73.78328,40.62895],[-73.78349,40.63017],[-73.78435,40.63137],[-73.7857,40.63209],[-73.78691,40.63226],[-73.78943,40.63426],[-73.79077,40.63385],[-73.79079,40.63428],[-73.79812,40.63104],[-73.79828,40.63125],[-73.79081,40.63431],[-73.79131,40.6344],[-73.79123,40.63486],[-73.79222,40.63589],[-73.79474,40.63663],[-73.79726,40.63801],[-73.79924,40.63842],[-73.80566,40.6416],[-73.81076,40.64349],[-73.81203,40.6443],[-73.8183,40.64627],[-73.82215,40.65014],[-73.82261,40.65279],[-73.82347,40.65531],[-73.82247,40.65916],[-73.82154,40.65997],[-73.82175,40.66012],[-73.82151,40.65998],[-73.8187,40.66111],[-73.81262,40.66016],[-73.81144,40.66025],[-73.81124,40.66054],[-73.81146,40.66074],[-73.81867,40.66213],[-73.82332,40.66021],[-73.82493,40.65544],[-73.82291,40.64809],[-73.82319,40.64801],[-73.82401,40.64923],[-73.82534,40.64967],[-73.82589,40.64949],[-73.82614,40.65008],[-73.82639,40.64832],[-73.8286,40.6572],[-73.83271,40.66541],[-73.8279,40.66391]]]]},"properties":{"nta2020":"QN8381","ntaname":"John F. Kennedy International Airport","boroname":"Queens","ntatype":"8"}},{"type":"Feature","geometry":{"type":"MultiPolygon","coordinates":[[[[-73.82645,40.59053],[-73.8269,40.58993],[-73.82737,40.58976],[-73.82762,40.59],[-73.82769,40.59057],[-73.82705,40.59098],[-73.82729,40.59148],[-73.82548,40.59197],[-73.82633,40.59146],[-73.82645,40.59053]]],[[[-73.83193,40.59345],[-73.83117,40.59149],[-73.83357,40.58904],[-73.83459,40.58912],[-73.83688,40.58952],[-73.8388,40.5912],[-73.8384,40.59039],[-73.8418,40.59201],[-73.84279,40.59333],[-73.84336,40.59347],[-73.8435,40.59508],[-73.84057,40.5973],[-73.83746,40.59686],[-73.83476,40.59394],[-73.83193,40.59345]]],[[[-73.82304,40.60007],[-73.82298,40.60004],[-73.82303,40.59993],[-73.82304,40.60007]]],[[[-73.82318,40.60008],[-73.82315,40.59998],[-73.82317,40.59998],[-73.82318,40.60008]]],[[[-73.80997,40.60007],[-73.81049,40.59878],[-73.81132,40.59855],[-73.81158,40.59814],[-73.81222,40.59855],[-73.81501,40.60206],[-73.8148,40.60408],[-73.81429,40.60446],[-73.81321,40.60436],[-73.81017,40.6028],[-73.80986,40.6019],[-73.80997,40.60007]]],[[[-73.80053,40.60709],[-73.79793,40.60658],[-73.79841,40.60601],[-73.79827,40.60549],[-73.79868,40.6057],[-73.80011,40.60532],[-73.79871,40.60562],[-73.79781,40.60516],[-73.79804,40.60484],[-73.79877,40.60502],[-73.79994,40.60461],[-73.80021,40.60483],[-73.80049,40.60476],[-73.80005,40.60456],[-73.7979,40.60472],[-73.79766,40.60531],[-73.79822,40.60594],[-73.79766,40.60636],[-73.79635,40.60579],[-73.79669,40.60511],[-73.79611,40.60469],[-73.79732,40.60407],[-73.80037,40.60438],[-73.80171,40.60411],[-73.80322,40.60457],[-73.80381,40.60436],[-73.80338,40.6047],[-73.80394,40.60564],[-73.80339,40.60587],[-73.80314,40.60637],[-73.80182,40.60642],[-73.80077,40.60708],[-73.80058,40.60684],[-73.801,40.60659],[-73.80064,40.60633],[-73.80103,40.60648],[-73.80107,40.60641],[-73.8007,40.60624],[-73.80034,40.60628],[-73.80085,40.60664],[-73.80048,40.60679],[-73.80053,40.60709]]],[[[-73.82952,40.60734],[-73.82961,40.60726],[-73.82957,40.60734],[-73.82952,40.60734]]],[[[-73.79666,40.60896],[-73.79601,40.60822],[-73.79648,40.608],[-73.79626,40.60762],[-73.79655,40.60729],[-73.79611,40.60741],[-73.79582,40.60813],[-73.79552,40.60735],[-73.79528,40.60581],[-73.79573,40.60523],[-73.79603,40.6053],[-73.79561,40.60589],[-73.7957,40.60646],[-73.79675,40.60623],[-73.7979,40.60687],[-73.80053,40.60723],[-73.80401,40.60613],[-73.80308,40.60747],[-73.80182,40.60796],[-73.80099,40.60867],[-73.79666,40.60896]]],[[[-73.8273,40.60949],[-73.82581,40.60892],[-73.82605,40.60829],[-73.82577,40.60785],[-73.82679,40.60791],[-73.82567,40.60779],[-73.82461,40.60474],[-73.82771,40.60524],[-73.82909,40.60582],[-73.8294,40.60658],[-73.82904,40.60736],[-73.82777,40.60777],[-73.82708,40.60833],[-73.8276,40.6093],[-73.8273,40.60949]]],[[[-73.83213,40.60952],[-73.83122,40.60883],[-73.83131,40.60841],[-73.83083,40.60847],[-73.83006,40.60792],[-73.82988,40.60632],[-73.83092,40.60536],[-73.83178,40.60509],[-73.83552,40.60546],[-73.83574,40.60579],[-73.83446,40.60719],[-73.83423,40.60805],[-73.83213,40.60952]]],[[[-73.76672,40.615],[-73.77088,40.61586],[-73.76855,40.62056],[-73.76746,40.62051],[-73.76672,40.615]]],[[[-73.81252,40.6202],[-73.81269,40.62046],[-73.81261,40.62065],[-73.81252,40.62045],[-73.81252,40.6202]]],[[[-73.78956,40.62279],[-73.78419,40.62089],[-73.78522,40.62006],[-73.78516,40.61865],[-73.78436,40.61776],[-73.78446,40.61703],[-73.78323,40.61558],[-73.78249,40.61557],[-73.7823,40.61517],[-73.78172,40.61518],[-73.78079,40.61459],[-73.78071,40.61403],[-73.78115,40.614],[-73.78091,40.6136],[-73.78355,40.61192],[-73.78498,40.61193],[-73.78578,40.61099],[-73.7872,40.61066],[-73.78742,40.61026],[-73.78866,40.61009],[-73.78902,40.60922],[-73.78995,40.60898],[-73.79088,40.6077],[-73.7914,40.60761],[-73.79151,40.60815],[-73.79117,40.60847],[-73.79365,40.60899],[-73.79506,40.61049],[-73.79746,40.61132],[-73.79899,40.61148],[-73.79917,40.61203],[-73.80054,40.61165],[-73.8008,40.61193],[-73.80024,40.61208],[-73.79993,40.61314],[-73.79932,40.61336],[-73.79969,40.61378],[-73.7994,40.6149],[-73.79901,40.61558],[-73.79854,40.61589],[-73.79816,40.61572],[-73.79806,40.61633],[-73.79728,40.61666],[-73.79724,40.61759],[-73.79678,40.6177],[-73.797,40.61838],[-73.79636,40.61845],[-73.79619,40.61961],[-73.7956,40.62021],[-73.79554,40.62091],[-73.79502,40.62129],[-73.79523,40.62161],[-73.79447,40.62179],[-73.79458,40.62252],[-73.79355,40.6227],[-73.79143,40.62228],[-73.78956,40.62279]]],[[[-73.83179,40.62447],[-73.83242,40.62292],[-73.8331,40.62241],[-73.83311,40.62168],[-73.83368,40.62138],[-73.83362,40.6226],[-73.83308,40.62276],[-73.83323,40.62336],[-73.83268,40.62391],[-73.83341,40.62355],[-73.83356,40.62394],[-73.83216,40.62469],[-73.83179,40.62447]]],[[[-73.77349,40.62511],[-73.77381,40.62493],[-73.77383,40.62494],[-73.77349,40.62511]]],[[[-73.81199,40.62602],[-73.81244,40.6244],[-73.81168,40.62365],[-73.81208,40.62339],[-73.81252,40.62354],[-73.81301,40.62226],[-73.81325,40.62256],[-73.81303,40.62386],[-73.81448,40.62547],[-73.81249,40.62654],[-73.81199,40.62602]]],[[[-73.79882,40.62533],[-73.79782,40.62445],[-73.79821,40.62446],[-73.79875,40.62508],[-73.80037,40.62411],[-73.79923,40.62419],[-73.79868,40.62343],[-73.80016,40.61963],[-73.80112,40.6197],[-73.80181,40.62083],[-73.80206,40.62079],[-73.80131,40.61854],[-73.80187,40.61677],[-73.80347,40.6144],[-73.80362,40.61602],[-73.80454,40.61698],[-73.80493,40.61859],[-73.8059,40.61962],[-73.80564,40.61989],[-73.80641,40.62111],[-73.80615,40.62183],[-73.80641,40.62234],[-73.80595,40.62338],[-73.80542,40.62379],[-73.80466,40.62384],[-73.80365,40.62468],[-73.80295,40.62472],[-73.80163,40.6256],[-73.79956,40.62612],[-73.79906,40.62658],[-73.79759,40.6261],[-73.79882,40.62533]]],[[[-73.81429,40.62914],[-73.81467,40.6275],[-73.81532,40.62776],[-73.81617,40.6289],[-73.81645,40.62984],[-73.81597,40.63038],[-73.81528,40.63023],[-73.81467,40.62999],[-73.81429,40.62914]]],[[[-73.83598,40.63222],[-73.83506,40.63184],[-73.83506,40.63173],[-73.83594,40.63135],[-73.83619,40.63165],[-73.83598,40.63222]]],[[[-73.82338,40.63899],[-73.82277,40.63558],[-73.82198,40.63363],[-73.82185,40.63204],[-73.82067,40.62891],[-73.8201,40.62782],[-73.81826,40.627],[-73.81789,40.62591],[-73.81623,40.62469],[-73.81618,40.62441],[-73.81675,40.62395],[-73.81795,40.62409],[-73.81864,40.62337],[-73.81866,40.62288],[-73.81755,40.62209],[-73.81758,40.62176],[-73.81672,40.62157],[-73.81662,40.62197],[-73.81621,40.62209],[-73.81539,40.6215],[-73.81543,40.62012],[-73.81718,40.61927],[-73.81777,40.6175],[-73.81712,40.61528],[-73.81653,40.61495],[-73.8175,40.61421],[-73.82017,40.61518],[-73.82142,40.61505],[-73.8241,40.61233],[-73.82467,40.61242],[-73.82469,40.61308],[-73.82575,40.61419],[-73.82726,40.61338],[-73.82788,40.6137],[-73.82724,40.61407],[-73.8275,40.6142],[-73.82846,40.61422],[-73.83092,40.61501],[-73.83402,40.61438],[-73.8337,40.62098],[-73.83159,40.62203],[-73.83268,40.62186],[-73.83289,40.62223],[-73.83259,40.62268],[-73.8314,40.6224],[-73.83102,40.62278],[-73.83039,40.62239],[-73.8302,40.6234],[-73.82996,40.62371],[-73.82987,40.6234],[-73.82919,40.6242],[-73.83011,40.62383],[-73.83041,40.62263],[-73.83088,40.62286],[-73.8306,40.62326],[-73.83046,40.62407],[-73.83077,40.62368],[-73.83065,40.62326],[-73.8311,40.62293],[-73.83193,40.6232],[-73.83174,40.62288],[-73.83213,40.62318],[-73.83097,40.62458],[-73.83092,40.62483],[-73.83134,40.62501],[-73.83077,40.6253],[-73.83095,40.62553],[-73.83063,40.62618],[-73.83082,40.62681],[-73.8323,40.62708],[-73.83229,40.62813],[-73.83178,40.62817],[-73.83157,40.62848],[-73.83162,40.62875],[-73.83188,40.62888],[-73.83163,40.62852],[-73.83189,40.62818],[-73.83263,40.62827],[-73.83301,40.62792],[-73.83304,40.62826],[-73.8329,40.6289],[-73.83196,40.62965],[-73.83115,40.63284],[-73.83133,40.63362],[-73.83194,40.63424],[-73.83196,40.63498],[-73.83249,40.63558],[-73.83341,40.6385],[-73.83222,40.63893],[-73.82867,40.63661],[-73.82809,40.63588],[-73.82592,40.63575],[-73.82443,40.63622],[-73.82414,40.63879],[-73.82457,40.63935],[-73.82419,40.63995],[-73.82338,40.63899]]]]},"properties":{"nta2020":"QN8491","ntaname":"Jamaica Bay (East)","boroname":"Queens","ntatype":"9"}},{"type":"Feature","geometry":{"type":"Polygon","coordinates":[[[-73.86407,40.5693],[-73.86268,40.56651],[-73.86349,40.56703],[-73.86558,40.56656],[-73.86661,40.56609],[-73.86631,40.56555],[-73.86688,40.56608],[-73.86849,40.56553],[-73.86825,40.56507],[-73.86862,40.56554],[-73.87062,40.56481],[-73.87028,40.56417],[-73.87064,40.56481],[-73.87091,40.56476],[-73.87264,40.56408],[-73.87238,40.56358],[-73.87275,40.56411],[-73.87321,40.56406],[-73.88029,40.56137],[-73.88128,40.56137],[-73.88237,40.56076],[-73.88325,40.56086],[-73.88698,40.5594],[-73.88789,40.55951],[-73.88964,40.55866],[-73.8908,40.55862],[-73.89214,40.55787],[-73.89253,40.55812],[-73.89347,40.55795],[-73.89495,40.55729],[-73.89492,40.55708],[-73.89551,40.55741],[-73.89708,40.55666],[-73.898,40.5571],[-73.90059,40.55642],[-73.90124,40.55676],[-73.90279,40.55673],[-73.90659,40.55571],[-73.9389,40.54324],[-73.94047,40.54286],[-73.94074,40.54183],[-73.94013,40.54801],[-73.94012,40.55323],[-73.93866,40.55568],[-73.93628,40.557],[-73.93222,40.55768],[-73.93167,40.55685],[-73.93119,40.55702],[-73.9291,40.55309],[-73.92207,40.55515],[-73.92099,40.55628],[-73.91317,40.55634],[-73.90989,40.55667],[-73.9101,40.56077],[-73.90807,40.56079],[-73.90333,40.56185],[-73.88276,40.56757],[-73.88313,40.56838],[-73.88192,40.56873],[-73.87867,40.56864],[-73.8774,40.56893],[-73.86288,40.57606],[-73.86275,40.57586],[-73.86397,40.57503],[-73.86335,40.57402],[-73.86668,40.57299],[-73.86454,40.56924],[-73.86407,40.5693]]]},"properties":{"nta2020":"QN8492","ntaname":"Jacob Riis Park-Fort Tilden-Breezy Point Tip","boroname":"Queens","ntatype":"9"}},{"type":"Feature","geometry":{"type":"Polygon","coordinates":[[[-74.07258,40.63794],[-74.07684,40.63775],[-74.07879,40.63827],[-74.08373,40.63574],[-74.08588,40.63669],[-74.08691,40.63586],[-74.08871,40.63685],[-74.0897,40.63568],[-74.09244,40.6356],[-74.09339,40.6366],[-74.09409,40.63927],[-74.09767,40.63896],[-74.09788,40.64036],[-74.0999,40.64016],[-74.10039,40.64312],[-74.09957,40.64316],[-74.09972,40.64476],[-74.1009,40.64477],[-74.10073,40.64501],[-74.0988,40.64505],[-74.0985,40.64537],[-74.09605,40.64537],[-74.09299,40.64597],[-74.08571,40.64888],[-74.08221,40.64828],[-74.07981,40.64838],[-74.07651,40.64697],[-74.07445,40.64507],[-74.07359,40.645],[-74.07386,40.64542],[-74.07334,40.64578],[-74.07369,40.64531],[-74.07324,40.64496],[-74.07303,40.64513],[-74.07306,40.64481],[-74.07343,40.645],[-74.07312,40.64471],[-74.07259,40.64479],[-74.0727,40.64444],[-74.07166,40.64503],[-74.07231,40.64458],[-74.07202,40.64441],[-74.07229,40.64427],[-74.07186,40.6442],[-74.072,40.64378],[-74.07113,40.64321],[-74.0715,40.64313],[-74.07165,40.64268],[-74.07218,40.64271],[-74.07211,40.64246],[-74.07033,40.64253],[-74.07324,40.64218],[-74.07314,40.64185],[-74.07025,40.64221],[-74.07019,40.64201],[-74.07309,40.64164],[-74.07289,40.64092],[-74.07002,40.64128],[-74.06998,40.64107],[-74.07285,40.6408],[-74.07309,40.63862],[-74.07239,40.63825],[-74.07258,40.63794]]]},"properties":{"nta2020":"SI0101","ntaname":"St. George-New Brighton","boroname":"Staten Island","ntatype":"0"}},{"type":"Feature","geometry":{"type":"Polygon","coordinates":[[[-74.07258,40.63794],[-74.07353,40.63764],[-74.07337,40.63661],[-74.07209,40.63665],[-74.07336,40.63654],[-74.07291,40.63363],[-74.07333,40.63206],[-74.07298,40.63031],[-74.06802,40.62879],[-74.06813,40.62854],[-74.07291,40.63],[-74.0723,40.62714],[-74.07565,40.62666],[-74.07423,40.62422],[-74.07117,40.6207],[-74.07141,40.61943],[-74.07455,40.61694],[-74.07488,40.61742],[-74.07832,40.61556],[-74.0811,40.61779],[-74.08721,40.61331],[-74.08785,40.61524],[-74.08619,40.61806],[-74.08496,40.62463],[-74.08362,40.62692],[-74.08262,40.62743],[-74.08084,40.62738],[-74.07972,40.62895],[-74.08173,40.63001],[-74.08141,40.6303],[-74.08491,40.63364],[-74.08575,40.63396],[-74.08444,40.63541],[-74.07891,40.63824],[-74.07684,40.63775],[-74.07258,40.63794]]]},"properties":{"nta2020":"SI0102","ntaname":"Tompkinsville-Stapleton-Clifton-Fox Hills","boroname":"Staten Island","ntatype":"0"}},{"type":"Feature","geometry":{"type":"Polygon","coordinates":[[[-74.05677,40.6079],[-74.06517,40.60421],[-74.06398,40.60214],[-74.07361,40.6055],[-74.0758,40.60593],[-74.08371,40.60644],[-74.09056,40.609],[-74.08959,40.60985],[-74.08721,40.61331],[-74.0811,40.61779],[-74.07832,40.61556],[-74.07488,40.61742],[-74.07455,40.61694],[-74.07183,40.6189],[-74.07124,40.61979],[-74.07117,40.6207],[-74.07423,40.62422],[-74.07565,40.62666],[-74.07288,40.62693],[-74.07226,40.62461],[-74.07003,40.62145],[-74.06649,40.6189],[-74.06596,40.61936],[-74.06641,40.61886],[-74.0662,40.61872],[-74.06545,40.6192],[-74.06668,40.61807],[-74.06642,40.61787],[-74.06605,40.6182],[-74.06496,40.61777],[-74.06426,40.61817],[-74.0651,40.61751],[-74.06444,40.61706],[-74.06391,40.61733],[-74.06433,40.61699],[-74.06376,40.6168],[-74.06144,40.61438],[-74.06034,40.6119],[-74.05985,40.6121],[-74.06,40.61278],[-74.05977,40.61206],[-74.06027,40.61182],[-74.05943,40.61165],[-74.0589,40.611],[-74.05909,40.61063],[-74.05716,40.60874],[-74.05677,40.6079]]]},"properties":{"nta2020":"SI0103","ntaname":"Rosebank-Shore Acres-Park Hill","boroname":"Staten Island","ntatype":"0"}},{"type":"Feature","geometry":{"type":"Polygon","coordinates":[[[-74.10472,40.64556],[-74.10465,40.6453],[-74.1078,40.64523],[-74.10716,40.6442],[-74.10655,40.64424],[-74.10542,40.6389],[-74.09788,40.64036],[-74.09767,40.63896],[-74.09409,40.63927],[-74.09339,40.6366],[-74.09244,40.6356],[-74.0897,40.63568],[-74.08871,40.63685],[-74.08691,40.63586],[-74.08588,40.63669],[-74.08373,40.63574],[-74.08444,40.63541],[-74.08575,40.63396],[-74.08491,40.63364],[-74.08141,40.6303],[-74.08173,40.63001],[-74.07972,40.62895],[-74.08084,40.62738],[-74.08299,40.62735],[-74.08415,40.62627],[-74.08496,40.62463],[-74.08622,40.61794],[-74.08785,40.61524],[-74.08721,40.61331],[-74.08959,40.60985],[-74.09056,40.609],[-74.09434,40.61033],[-74.09766,40.61051],[-74.09988,40.61292],[-74.10209,40.6146],[-74.1057,40.61874],[-74.11094,40.62119],[-74.11326,40.62305],[-74.1182,40.62509],[-74.12303,40.62901],[-74.12489,40.63173],[-74.11684,40.63267],[-74.1172,40.63457],[-74.12024,40.6343],[-74.12063,40.63657],[-74.11755,40.63695],[-74.11807,40.6413],[-74.12093,40.64091],[-74.11961,40.64138],[-74.11996,40.64221],[-74.11943,40.64142],[-74.1191,40.64147],[-74.1194,40.64238],[-74.119,40.64146],[-74.11862,40.64153],[-74.11884,40.64254],[-74.1184,40.64153],[-74.11792,40.64183],[-74.1175,40.64158],[-74.11672,40.64203],[-74.11722,40.64303],[-74.11667,40.64211],[-74.1163,40.6422],[-74.11667,40.64319],[-74.11614,40.64222],[-74.11535,40.64247],[-74.1138,40.64361],[-74.11395,40.64414],[-74.11289,40.64453],[-74.11386,40.64408],[-74.11365,40.64369],[-74.11333,40.64372],[-74.11116,40.6451],[-74.11177,40.64471],[-74.10886,40.64558],[-74.10472,40.64556]]]},"properties":{"nta2020":"SI0104","ntaname":"West New Brighton-Silver Lake-Grymes Hill","boroname":"Staten Island","ntatype":"0"}},{"type":"Feature","geometry":{"type":"Polygon","coordinates":[[[-74.12126,40.62782],[-74.12013,40.62654],[-74.11807,40.625],[-74.11326,40.62305],[-74.11094,40.62119],[-74.1057,40.61874],[-74.10209,40.6146],[-74.09988,40.61292],[-74.09766,40.61051],[-74.10899,40.61012],[-74.11342,40.61101],[-74.11564,40.6111],[-74.12134,40.60967],[-74.12139,40.60991],[-74.12876,40.6085],[-74.14354,40.60768],[-74.14639,40.60803],[-74.14869,40.60883],[-74.15368,40.61235],[-74.15209,40.61732],[-74.14765,40.62212],[-74.14611,40.62493],[-74.137,40.62435],[-74.13581,40.62506],[-74.13806,40.62707],[-74.13806,40.62757],[-74.13674,40.62866],[-74.13586,40.62806],[-74.13409,40.62954],[-74.13344,40.62907],[-74.13107,40.63115],[-74.13047,40.63089],[-74.13014,40.62997],[-74.13131,40.62633],[-74.12216,40.62748],[-74.12126,40.62782]]]},"properties":{"nta2020":"SI0105","ntaname":"Westerleigh-Castleton Corners","boroname":"Staten Island","ntatype":"0"}},{"type":"Feature","geometry":{"type":"Polygon","coordinates":[[[-74.12071,40.64105],[-74.12093,40.64091],[-74.11807,40.6413],[-74.11755,40.63695],[-74.12063,40.63657],[-74.12024,40.6343],[-74.1172,40.63457],[-74.11684,40.63267],[-74.12489,40.63173],[-74.12303,40.62901],[-74.12126,40.62782],[-74.12216,40.62748],[-74.13131,40.62633],[-74.13014,40.62997],[-74.13047,40.63089],[-74.13107,40.63115],[-74.13344,40.62907],[-74.13409,40.62954],[-74.13586,40.62806],[-74.13674,40.62866],[-74.13806,40.62757],[-74.13806,40.62707],[-74.13581,40.62506],[-74.137,40.62435],[-74.14611,40.62493],[-74.14544,40.62789],[-74.14594,40.62783],[-74.14622,40.62911],[-74.14753,40.62939],[-74.14478,40.63795],[-74.1436,40.63851],[-74.14313,40.63968],[-74.14239,40.63964],[-74.1423,40.64031],[-74.14156,40.64037],[-74.14148,40.64009],[-74.14076,40.64059],[-74.13758,40.641],[-74.13737,40.6413],[-74.13435,40.64189],[-74.13299,40.64142],[-74.1324,40.6417],[-74.13126,40.6416],[-74.13146,40.64131],[-74.13033,40.64078],[-74.13012,40.64102],[-74.13018,40.64072],[-74.12949,40.64135],[-74.12998,40.64073],[-74.12931,40.64034],[-74.12893,40.64041],[-74.12891,40.64119],[-74.12881,40.64023],[-74.12753,40.64016],[-74.12715,40.63931],[-74.12705,40.64024],[-74.12607,40.64025],[-74.12637,40.64133],[-74.12564,40.64142],[-74.12613,40.64126],[-74.126,40.64023],[-74.12558,40.64015],[-74.12416,40.64013],[-74.12286,40.64082],[-74.1226,40.6406],[-74.12283,40.64129],[-74.12187,40.64158],[-74.12117,40.64167],[-74.12128,40.64143],[-74.12108,40.64161],[-74.12118,40.64138],[-74.12071,40.64105]]]},"properties":{"nta2020":"SI0106","ntaname":"Port Richmond","boroname":"Staten Island","ntatype":"0"}},{"type":"Feature","geometry":{"type":"MultiPolygon","coordinates":[[[[-74.15946,40.64145],[-74.16111,40.64184],[-74.16153,40.64416],[-74.1581,40.64376],[-74.15756,40.64324],[-74.15859,40.64246],[-74.15881,40.64176],[-74.15946,40.64145]]],[[[-74.1799,40.64527],[-74.17973,40.64438],[-74.17933,40.6444],[-74.17925,40.64504],[-74.17907,40.64465],[-74.17904,40.64339],[-74.1794,40.64313],[-74.17959,40.64192],[-74.17919,40.64299],[-74.17826,40.64213],[-74.17834,40.64259],[-74.17781,40.6426],[-74.17721,40.64312],[-74.1767,40.64242],[-74.17636,40.64233],[-74.17669,40.64255],[-74.17667,40.64339],[-74.1756,40.64331],[-74.17568,40.64471],[-74.1753,40.64508],[-74.17437,40.64514],[-74.17294,40.6442],[-74.173,40.64359],[-74.17236,40.64326],[-74.17272,40.64295],[-74.17196,40.64286],[-74.17151,40.64313],[-74.17134,40.64286],[-74.17186,40.64252],[-74.17148,40.6417],[-74.17159,40.64103],[-74.17202,40.64099],[-74.17294,40.64058],[-74.17299,40.64049],[-74.17157,40.64101],[-74.17137,40.64209],[-74.17105,40.64259],[-74.17119,40.64174],[-74.17029,40.64178],[-74.17008,40.64209],[-74.16915,40.64187],[-74.16906,40.64213],[-74.16653,40.64142],[-74.1661,40.64241],[-74.16632,40.64144],[-74.1658,40.64122],[-74.16544,40.64228],[-74.16494,40.64221],[-74.16519,40.64064],[-74.16473,40.64039],[-74.16457,40.64142],[-74.1646,40.64032],[-74.16417,40.63999],[-74.16386,40.64105],[-74.16394,40.63991],[-74.16345,40.63986],[-74.16325,40.64096],[-74.16168,40.64061],[-74.16228,40.63877],[-74.16182,40.63865],[-74.16145,40.63943],[-74.16166,40.63866],[-74.16124,40.6386],[-74.1609,40.63939],[-74.16108,40.63857],[-74.16035,40.63844],[-74.15986,40.63993],[-74.16022,40.63834],[-74.15986,40.63873],[-74.15923,40.6378],[-74.15901,40.63882],[-74.15893,40.63826],[-74.15789,40.63797],[-74.15773,40.63888],[-74.15777,40.63796],[-74.1561,40.63794],[-74.15611,40.63753],[-74.15483,40.63772],[-74.15469,40.63919],[-74.1546,40.63734],[-74.1528,40.63713],[-74.1527,40.63764],[-74.15222,40.63769],[-74.1523,40.63827],[-74.15205,40.63767],[-74.1512,40.63773],[-74.15125,40.63941],[-74.15113,40.6385],[-74.15056,40.63856],[-74.14945,40.63741],[-74.14942,40.63829],[-74.14888,40.63871],[-74.14856,40.63744],[-74.14878,40.63888],[-74.14519,40.63938],[-74.14386,40.63889],[-74.14313,40.63968],[-74.1436,40.63851],[-74.14478,40.63795],[-74.14753,40.62939],[-74.14622,40.62911],[-74.14594,40.62783],[-74.14544,40.62789],[-74.14639,40.6242],[-74.14816,40.62147],[-74.15199,40.61748],[-74.15368,40.61235],[-74.15898,40.61637],[-74.16313,40.61885],[-74.16812,40.62105],[-74.17266,40.62176],[-74.17466,40.62251],[-74.17929,40.62637],[-74.1818,40.62785],[-74.18607,40.62995],[-74.18658,40.63017],[-74.18676,40.62997],[-74.18988,40.63136],[-74.1962,40.63469],[-74.19531,40.63523],[-74.19449,40.63645],[-74.19462,40.63739],[-74.19358,40.63747],[-74.18652,40.64339],[-74.18623,40.64319],[-74.18484,40.64413],[-74.18411,40.64353],[-74.18437,40.6431],[-74.18365,40.64224],[-74.18403,40.6431],[-74.18324,40.64296],[-74.18367,40.64461],[-74.18118,40.64459],[-74.18087,40.64485],[-74.18048,40.64428],[-74.18004,40.64429],[-74.1799,40.64527]]]]},"properties":{"nta2020":"SI0107","ntaname":"Mariner's Harbor-Arlington-Graniteville","boroname":"Staten Island","ntatype":"0"}},{"type":"Feature","geometry":{"type":"Polygon","coordinates":[[[-74.10013,40.64506],[-74.1009,40.64477],[-74.09972,40.64476],[-74.09957,40.64316],[-74.10039,40.64312],[-74.0999,40.64016],[-74.10542,40.6389],[-74.10655,40.64424],[-74.10716,40.6442],[-74.1078,40.64523],[-74.10465,40.6453],[-74.10465,40.64563],[-74.10412,40.64574],[-74.10013,40.64506]]]},"properties":{"nta2020":"SI0191","ntaname":"Snug Harbor","boroname":"Staten Island","ntatype":"9"}},{"type":"Feature","geometry":{"type":"Polygon","coordinates":[[[-74.07361,40.6055],[-74.06196,40.60124],[-74.06108,40.59982],[-74.06376,40.59893],[-74.05964,40.59371],[-74.06055,40.59338],[-74.06215,40.59203],[-74.06503,40.58899],[-74.06436,40.58827],[-74.06478,40.58849],[-74.06722,40.58673],[-74.07096,40.58318],[-74.07149,40.58217],[-74.07066,40.58163],[-74.07147,40.58203],[-74.07178,40.58188],[-74.07499,40.57924],[-74.07332,40.57846],[-74.0735,40.5782],[-74.07508,40.57916],[-74.0758,40.57831],[-74.07535,40.57789],[-74.0885,40.58479],[-74.08912,40.58414],[-74.09262,40.58594],[-74.09844,40.58124],[-74.10526,40.58592],[-74.10088,40.59018],[-74.10093,40.59235],[-74.10009,40.59366],[-74.097,40.59547],[-74.09375,40.59674],[-74.09272,40.59746],[-74.09178,40.59872],[-74.09197,40.59982],[-74.0929,40.60136],[-74.09244,40.60412],[-74.09272,40.60636],[-74.0924,40.60707],[-74.09056,40.609],[-74.08371,40.60644],[-74.0758,40.60593],[-74.07361,40.6055]]]},"properties":{"nta2020":"SI0201","ntaname":"Grasmere-Arrochar-South Beach-Dongan Hills","boroname":"Staten Island","ntatype":"0"}},{"type":"Feature","geometry":{"type":"Polygon","coordinates":[[[-74.07602,40.57824],[-74.07688,40.57764],[-74.07674,40.57737],[-74.07737,40.57728],[-74.07926,40.57567],[-74.07868,40.57508],[-74.07934,40.57563],[-74.08018,40.57518],[-74.08469,40.57148],[-74.0877,40.57306],[-74.08813,40.57283],[-74.09277,40.56794],[-74.10471,40.57401],[-74.10604,40.57206],[-74.10638,40.57222],[-74.10874,40.56992],[-74.09407,40.56273],[-74.09542,40.56315],[-74.09629,40.56242],[-74.0982,40.55984],[-74.09829,40.55933],[-74.09785,40.55903],[-74.09876,40.55942],[-74.09938,40.55896],[-74.1001,40.55895],[-74.11376,40.5665],[-74.11636,40.56392],[-74.1249,40.56895],[-74.12313,40.57011],[-74.12145,40.57178],[-74.12136,40.57283],[-74.12185,40.57465],[-74.12154,40.57515],[-74.11911,40.57616],[-74.11701,40.57821],[-74.11562,40.57849],[-74.11307,40.58077],[-74.10925,40.58268],[-74.10526,40.58592],[-74.09844,40.58124],[-74.09262,40.58594],[-74.08912,40.58414],[-74.0885,40.58479],[-74.07602,40.57824]]]},"properties":{"nta2020":"SI0202","ntaname":"New Dorp-Midland Beach","boroname":"Staten Island","ntatype":"0"}},{"type":"Feature","geometry":{"type":"Polygon","coordinates":[[[-74.09766,40.61051],[-74.09434,40.61033],[-74.09056,40.609],[-74.0924,40.60707],[-74.09272,40.60636],[-74.09244,40.60412],[-74.0929,40.60136],[-74.09197,40.59982],[-74.09178,40.59872],[-74.09272,40.59746],[-74.09375,40.59674],[-74.097,40.59547],[-74.10009,40.59366],[-74.1009,40.59245],[-74.10088,40.59018],[-74.10149,40.58934],[-74.10925,40.58268],[-74.11307,40.58077],[-74.11562,40.57849],[-74.11701,40.57821],[-74.11911,40.57616],[-74.12154,40.57515],[-74.1221,40.57513],[-74.12318,40.57575],[-74.12535,40.5759],[-74.12707,40.57641],[-74.12773,40.57521],[-74.13278,40.57348],[-74.14419,40.57204],[-74.14387,40.57061],[-74.14439,40.56971],[-74.1479,40.57089],[-74.15466,40.56551],[-74.15585,40.56377],[-74.15726,40.56255],[-74.16494,40.56011],[-74.16983,40.56109],[-74.16963,40.56828],[-74.16983,40.57083],[-74.15231,40.58058],[-74.15027,40.58273],[-74.14727,40.58501],[-74.14762,40.58502],[-74.14632,40.58607],[-74.14542,40.59147],[-74.14002,40.5986],[-74.14046,40.60307],[-74.14303,40.60375],[-74.14714,40.60558],[-74.14751,40.60606],[-74.14723,40.60826],[-74.14354,40.60768],[-74.12876,40.6085],[-74.12139,40.60991],[-74.12134,40.60967],[-74.11564,40.6111],[-74.11342,40.61101],[-74.10899,40.61012],[-74.09766,40.61051]]]},"properties":{"nta2020":"SI0203","ntaname":"Todt Hill-Emerson Hill-Lighthouse Hill-Manor Heights","boroname":"Staten Island","ntatype":"0"}},{"type":"Feature","geometry":{"type":"Polygon","coordinates":[[[-74.15898,40.61637],[-74.14998,40.60954],[-74.14723,40.60826],[-74.14751,40.60606],[-74.14714,40.60558],[-74.14303,40.60375],[-74.14046,40.60307],[-74.14002,40.5986],[-74.14542,40.59147],[-74.14632,40.58607],[-74.15088,40.58218],[-74.15231,40.58058],[-74.16983,40.57083],[-74.16962,40.57843],[-74.16796,40.5883],[-74.16579,40.59071],[-74.16342,40.59244],[-74.1636,40.59337],[-74.16674,40.59383],[-74.16886,40.59473],[-74.1672,40.60208],[-74.17122,40.6025],[-74.17256,40.60298],[-74.17492,40.60222],[-74.17822,40.59983],[-74.17954,40.59675],[-74.1865,40.58944],[-74.18529,40.58937],[-74.18478,40.58903],[-74.18468,40.58854],[-74.18539,40.5876],[-74.18788,40.58668],[-74.19077,40.58513],[-74.19132,40.5857],[-74.19332,40.58504],[-74.19423,40.58515],[-74.19803,40.58288],[-74.19965,40.58226],[-74.20008,40.58155],[-74.19997,40.58057],[-74.20058,40.57951],[-74.20295,40.5801],[-74.20441,40.58017],[-74.20603,40.57976],[-74.20599,40.58041],[-74.20508,40.5816],[-74.2044,40.58371],[-74.20463,40.58432],[-74.20412,40.5859],[-74.20458,40.58822],[-74.20412,40.58888],[-74.20432,40.58914],[-74.20471,40.58877],[-74.20444,40.58922],[-74.20465,40.58929],[-74.20386,40.59025],[-74.20389,40.58979],[-74.20201,40.5909],[-74.20247,40.59084],[-74.20305,40.59114],[-74.20203,40.591],[-74.20184,40.59164],[-74.202,40.59178],[-74.2023,40.59147],[-74.20232,40.59152],[-74.20093,40.59287],[-74.20047,40.59281],[-74.19974,40.59356],[-74.19948,40.59432],[-74.19751,40.5968],[-74.19731,40.59806],[-74.19876,40.60171],[-74.20222,40.60597],[-74.20282,40.60827],[-74.2023,40.61188],[-74.20244,40.61328],[-74.20045,40.61633],[-74.20091,40.6178],[-74.20035,40.61834],[-74.20084,40.6188],[-74.20068,40.61917],[-74.20107,40.62038],[-74.20043,40.6205],[-74.20087,40.62059],[-74.20143,40.62161],[-74.20128,40.62269],[-74.20155,40.6227],[-74.20163,40.62312],[-74.20108,40.62408],[-74.20106,40.6259],[-74.20142,40.62607],[-74.20099,40.62934],[-74.20043,40.62982],[-74.20041,40.63025],[-74.20077,40.63025],[-74.20079,40.63035],[-74.2004,40.63029],[-74.20018,40.63133],[-74.20043,40.63136],[-74.2004,40.63146],[-74.20017,40.63136],[-74.19862,40.63274],[-74.19679,40.63339],[-74.19688,40.63376],[-74.19631,40.63405],[-74.1962,40.63469],[-74.18988,40.63136],[-74.18676,40.62997],[-74.18658,40.63017],[-74.18607,40.62995],[-74.1818,40.62785],[-74.17929,40.62637],[-74.17466,40.62251],[-74.17266,40.62176],[-74.16812,40.62105],[-74.16313,40.61885],[-74.15898,40.61637]]]},"properties":{"nta2020":"SI0204","ntaname":"New Springville-Willowbrook-Bulls Head-Travis","boroname":"Staten Island","ntatype":"0"}},{"type":"Feature","geometry":{"type":"Polygon","coordinates":[[[-74.16983,40.57083],[-74.16963,40.56828],[-74.16983,40.56109],[-74.17151,40.5614],[-74.17758,40.56376],[-74.17937,40.57055],[-74.1844,40.57301],[-74.1861,40.57253],[-74.18904,40.57267],[-74.18918,40.57553],[-74.18956,40.57627],[-74.19055,40.5763],[-74.19064,40.57669],[-74.19195,40.57658],[-74.1975,40.57886],[-74.20058,40.57951],[-74.19997,40.58057],[-74.20008,40.58155],[-74.19965,40.58226],[-74.19803,40.58288],[-74.19423,40.58515],[-74.19332,40.58504],[-74.19132,40.5857],[-74.19077,40.58513],[-74.18788,40.58668],[-74.18539,40.5876],[-74.18468,40.58854],[-74.18478,40.58903],[-74.18529,40.58937],[-74.1865,40.58944],[-74.17954,40.59675],[-74.17822,40.59983],[-74.17492,40.60222],[-74.17256,40.60298],[-74.17122,40.6025],[-74.1672,40.60208],[-74.16886,40.59473],[-74.16674,40.59383],[-74.1636,40.59337],[-74.16342,40.59244],[-74.16579,40.59071],[-74.16796,40.5883],[-74.16962,40.57843],[-74.16983,40.57083]]]},"properties":{"nta2020":"SI0291","ntaname":"Freshkills Park (North)","boroname":"Staten Island","ntatype":"9"}},{"type":"Feature","geometry":{"type":"Polygon","coordinates":[[[-74.12154,40.57515],[-74.12185,40.57465],[-74.12136,40.57283],[-74.12145,40.57178],[-74.12313,40.57011],[-74.1249,40.56895],[-74.11636,40.56392],[-74.11376,40.5665],[-74.1001,40.55895],[-74.10124,40.55766],[-74.10185,40.55622],[-74.10141,40.55554],[-74.10265,40.55613],[-74.1031,40.5559],[-74.10466,40.55412],[-74.10509,40.55324],[-74.10484,40.55303],[-74.10643,40.55385],[-74.10656,40.55419],[-74.10769,40.55398],[-74.11028,40.5515],[-74.11301,40.54778],[-74.11494,40.54959],[-74.11656,40.54913],[-74.11946,40.55222],[-74.1273,40.5573],[-74.13042,40.55444],[-74.13321,40.55238],[-74.13885,40.55695],[-74.13561,40.55898],[-74.13481,40.56083],[-74.13341,40.56213],[-74.13174,40.56454],[-74.13527,40.56552],[-74.14439,40.56971],[-74.14387,40.57061],[-74.14419,40.57204],[-74.13278,40.57348],[-74.12773,40.57521],[-74.12707,40.57641],[-74.12535,40.5759],[-74.12318,40.57575],[-74.1221,40.57513],[-74.12154,40.57515]]]},"properties":{"nta2020":"SI0301","ntaname":"Oakwood-Richmondtown","boroname":"Staten Island","ntatype":"0"}},{"type":"Feature","geometry":{"type":"Polygon","coordinates":[[[-74.1479,40.57089],[-74.14635,40.57052],[-74.14131,40.56843],[-74.13527,40.56552],[-74.13174,40.56454],[-74.13341,40.56213],[-74.13481,40.56083],[-74.13561,40.55898],[-74.13885,40.55695],[-74.13317,40.55236],[-74.13865,40.54849],[-74.13711,40.54702],[-74.13586,40.54645],[-74.13718,40.54579],[-74.13612,40.54502],[-74.13638,40.54485],[-74.13719,40.54578],[-74.13751,40.54558],[-74.13659,40.54485],[-74.13687,40.54468],[-74.13795,40.546],[-74.13887,40.54513],[-74.13762,40.54425],[-74.13876,40.54493],[-74.13902,40.54472],[-74.13787,40.54405],[-74.13804,40.5439],[-74.13903,40.5447],[-74.13954,40.5443],[-74.13915,40.54451],[-74.13942,40.54421],[-74.13897,40.54438],[-74.13922,40.54407],[-74.13888,40.54424],[-74.13908,40.54396],[-74.13883,40.54379],[-74.13859,40.5441],[-74.13842,40.54398],[-74.13882,40.54378],[-74.13854,40.54359],[-74.13828,40.54387],[-74.13834,40.54355],[-74.13852,40.5434],[-74.13957,40.54427],[-74.13984,40.54405],[-74.13871,40.54329],[-74.13891,40.54313],[-74.13877,40.54329],[-74.13968,40.54389],[-74.13989,40.54375],[-74.13987,40.54403],[-74.14039,40.54403],[-74.13922,40.54317],[-74.13941,40.54302],[-74.1403,40.54364],[-74.13936,40.54283],[-74.13954,40.54268],[-74.14031,40.54337],[-74.14063,40.54311],[-74.13963,40.54254],[-74.13986,40.54236],[-74.14065,40.54309],[-74.14132,40.54309],[-74.14017,40.54237],[-74.14034,40.54223],[-74.14021,40.54237],[-74.14141,40.54302],[-74.14108,40.54279],[-74.14134,40.54259],[-74.14026,40.54196],[-74.14068,40.54191],[-74.14135,40.54258],[-74.14129,40.54234],[-74.1418,40.5422],[-74.14089,40.54157],[-74.14064,40.54169],[-74.14096,40.54143],[-74.14187,40.54217],[-74.14167,40.54234],[-74.1423,40.54226],[-74.14248,40.54133],[-74.14178,40.54009],[-74.142,40.53957],[-74.14173,40.53934],[-74.1423,40.53907],[-74.14177,40.53854],[-74.14227,40.53814],[-74.14187,40.53844],[-74.14217,40.53793],[-74.14104,40.53735],[-74.1413,40.53714],[-74.14219,40.53792],[-74.14239,40.53775],[-74.14158,40.53709],[-74.14383,40.53714],[-74.14474,40.5358],[-74.1467,40.53541],[-74.14922,40.53424],[-74.1507,40.53255],[-74.15112,40.53274],[-74.15246,40.53207],[-74.1539,40.53067],[-74.15463,40.53035],[-74.15454,40.53006],[-74.15493,40.53023],[-74.15565,40.52964],[-74.1555,40.52944],[-74.15599,40.52942],[-74.15645,40.52893],[-74.15619,40.52861],[-74.15702,40.52898],[-74.15826,40.5283],[-74.15797,40.52807],[-74.15833,40.52828],[-74.1597,40.5273],[-74.16873,40.53953],[-74.1691,40.54103],[-74.18073,40.54668],[-74.17943,40.54834],[-74.17565,40.55569],[-74.17409,40.55808],[-74.17349,40.55967],[-74.17185,40.56152],[-74.16494,40.56011],[-74.15741,40.5625],[-74.15585,40.56377],[-74.15466,40.56551],[-74.1479,40.57089]]]},"properties":{"nta2020":"SI0302","ntaname":"Great Kills-Eltingville","boroname":"Staten Island","ntatype":"0"}},{"type":"Feature","geometry":{"type":"Polygon","coordinates":[[[-74.18181,40.56538],[-74.17185,40.56152],[-74.17349,40.55967],[-74.17409,40.55808],[-74.17565,40.55569],[-74.17943,40.54834],[-74.18073,40.54668],[-74.18757,40.55015],[-74.1893,40.54838],[-74.19731,40.54326],[-74.20699,40.54175],[-74.21779,40.54113],[-74.22132,40.55025],[-74.21778,40.55305],[-74.21788,40.55424],[-74.21757,40.55459],[-74.21492,40.55555],[-74.2135,40.55567],[-74.21051,40.55706],[-74.207,40.55757],[-74.2052,40.55733],[-74.20323,40.55608],[-74.20092,40.55601],[-74.19353,40.56243],[-74.19092,40.56262],[-74.18948,40.56358],[-74.18525,40.56455],[-74.18362,40.56537],[-74.18181,40.56538]]]},"properties":{"nta2020":"SI0303","ntaname":"Arden Heights-Rossville","boroname":"Staten Island","ntatype":"0"}},{"type":"Feature","geometry":{"type":"Polygon","coordinates":[[[-74.18757,40.55015],[-74.1691,40.54103],[-74.16873,40.53953],[-74.15988,40.52737],[-74.16034,40.52755],[-74.16158,40.52701],[-74.16227,40.52719],[-74.17,40.52305],[-74.17129,40.52346],[-74.1727,40.52297],[-74.17601,40.52088],[-74.17758,40.51923],[-74.17832,40.51995],[-74.17924,40.51998],[-74.17981,40.52055],[-74.18105,40.52066],[-74.18483,40.51934],[-74.1885,40.51631],[-74.18927,40.51534],[-74.18884,40.51509],[-74.18971,40.51532],[-74.1941,40.51064],[-74.19521,40.50998],[-74.1965,40.50992],[-74.19861,40.5112],[-74.19967,40.51143],[-74.20006,40.51262],[-74.19893,40.51278],[-74.19907,40.51308],[-74.20531,40.51233],[-74.2082,40.51164],[-74.20969,40.5108],[-74.20919,40.5105],[-74.20932,40.5104],[-74.20971,40.51078],[-74.21013,40.51042],[-74.21353,40.5064],[-74.21434,40.50652],[-74.21566,40.50562],[-74.21755,40.50336],[-74.22184,40.50254],[-74.22208,40.50427],[-74.22312,40.50484],[-74.22292,40.50723],[-74.22322,40.50866],[-74.22658,40.51727],[-74.22672,40.51916],[-74.22568,40.51856],[-74.2238,40.5182],[-74.225,40.52046],[-74.22398,40.52287],[-74.22482,40.52299],[-74.22399,40.52327],[-74.22359,40.52631],[-74.22457,40.53702],[-74.22448,40.53891],[-74.22343,40.5436],[-74.22214,40.54633],[-74.22065,40.54859],[-74.21779,40.54113],[-74.20699,40.54175],[-74.19731,40.54326],[-74.1893,40.54838],[-74.18757,40.55015]]]},"properties":{"nta2020":"SI0304","ntaname":"Annadale-Huguenot-Prince's Bay-Woodrow","boroname":"Staten Island","ntatype":"0"}},{"type":"Feature","geometry":{"type":"Polygon","coordinates":[[[-74.21376,40.5564],[-74.2057,40.55852],[-74.207,40.55757],[-74.21051,40.55706],[-74.2135,40.55567],[-74.21509,40.5555],[-74.21773,40.55446],[-74.21778,40.55305],[-74.22132,40.55025],[-74.22065,40.54859],[-74.22313,40.54432],[-74.22432,40.54016],[-74.22457,40.53702],[-74.22359,40.52631],[-74.22399,40.52327],[-74.22482,40.52299],[-74.22398,40.52287],[-74.225,40.52046],[-74.2238,40.5182],[-74.22568,40.51856],[-74.22672,40.51916],[-74.22669,40.51855],[-74.22658,40.51727],[-74.22322,40.50866],[-74.22292,40.50723],[-74.22312,40.50484],[-74.22208,40.50427],[-74.22184,40.50254],[-74.22305,40.50248],[-74.22507,40.50176],[-74.22729,40.5023],[-74.23124,40.50183],[-74.23679,40.5],[-74.23767,40.49912],[-74.23851,40.4989],[-74.23985,40.49758],[-74.24433,40.49755],[-74.24676,40.49613],[-74.24964,40.49684],[-74.25085,40.49801],[-74.2511,40.49893],[-74.25316,40.50013],[-74.25472,40.50297],[-74.25534,40.5043],[-74.25553,40.50786],[-74.25463,40.50867],[-74.25498,40.50877],[-74.25497,40.50881],[-74.254,40.50897],[-74.25431,40.50941],[-74.25369,40.50943],[-74.25465,40.50983],[-74.25453,40.50997],[-74.25365,40.50947],[-74.25332,40.50986],[-74.25326,40.51109],[-74.25301,40.51119],[-74.25353,40.51168],[-74.25304,40.51143],[-74.25309,40.51212],[-74.25195,40.513],[-74.25213,40.51371],[-74.25011,40.51504],[-74.25056,40.51572],[-74.25016,40.51536],[-74.24989,40.51552],[-74.25056,40.51611],[-74.24922,40.51508],[-74.24994,40.51614],[-74.24943,40.51569],[-74.24865,40.51611],[-74.24876,40.51636],[-74.24855,40.51617],[-74.24828,40.51649],[-74.24895,40.51719],[-74.24941,40.51698],[-74.24851,40.51748],[-74.24892,40.51721],[-74.24752,40.51574],[-74.24693,40.51607],[-74.24644,40.51597],[-74.24613,40.51614],[-74.24675,40.5165],[-74.24651,40.51667],[-74.247,40.51718],[-74.24648,40.51669],[-74.24654,40.51696],[-74.24635,40.51675],[-74.24521,40.51729],[-74.24563,40.51808],[-74.2443,40.51852],[-74.24232,40.51833],[-74.24103,40.51954],[-74.24049,40.51919],[-74.23982,40.52009],[-74.24117,40.52106],[-74.24293,40.52123],[-74.24258,40.5222],[-74.2428,40.52401],[-74.24336,40.52482],[-74.24397,40.52491],[-74.24334,40.52585],[-74.24225,40.52982],[-74.24151,40.53104],[-74.24181,40.53256],[-74.24218,40.53258],[-74.24205,40.53435],[-74.24412,40.5362],[-74.24415,40.53688],[-74.24494,40.53666],[-74.24534,40.53691],[-74.24443,40.53802],[-74.24539,40.53955],[-74.2456,40.54095],[-74.24649,40.54221],[-74.24768,40.54313],[-74.24803,40.54309],[-74.24614,40.5457],[-74.24336,40.54787],[-74.24358,40.54762],[-74.2422,40.54695],[-74.24039,40.54766],[-74.23837,40.54914],[-74.23762,40.55012],[-74.23641,40.55051],[-74.23616,40.55143],[-74.2364,40.55234],[-74.2349,40.55301],[-74.23332,40.55251],[-74.23229,40.55336],[-74.23071,40.55556],[-74.22932,40.55549],[-74.22905,40.55611],[-74.22833,40.55639],[-74.22744,40.55604],[-74.2264,40.55626],[-74.22344,40.55605],[-74.22379,40.55588],[-74.22257,40.55541],[-74.22157,40.55565],[-74.2213,40.55537],[-74.22087,40.55594],[-74.2203,40.5556],[-74.21974,40.55461],[-74.21908,40.55485],[-74.21934,40.55569],[-74.21922,40.5558],[-74.21896,40.55486],[-74.21859,40.55467],[-74.21875,40.55603],[-74.21775,40.55501],[-74.21474,40.55624],[-74.21499,40.55679],[-74.21462,40.55691],[-74.21376,40.5564]]]},"properties":{"nta2020":"SI0305","ntaname":"Tottenville-Charleston","boroname":"Staten Island","ntatype":"0"}},{"type":"Feature","geometry":{"type":"Polygon","coordinates":[[[-74.1975,40.57886],[-74.19195,40.57658],[-74.19064,40.57669],[-74.19055,40.5763],[-74.18956,40.57627],[-74.18918,40.57553],[-74.18904,40.57267],[-74.1861,40.57253],[-74.1844,40.57301],[-74.17937,40.57055],[-74.17758,40.56376],[-74.1816,40.56532],[-74.18296,40.56548],[-74.18525,40.56455],[-74.18948,40.56358],[-74.19092,40.56262],[-74.19317,40.5626],[-74.20032,40.55634],[-74.20116,40.55594],[-74.20323,40.55608],[-74.2052,40.55733],[-74.207,40.55757],[-74.2057,40.55852],[-74.21324,40.55667],[-74.212,40.55838],[-74.21188,40.5596],[-74.21117,40.56046],[-74.21138,40.56349],[-74.21073,40.56527],[-74.20887,40.56891],[-74.20893,40.56962],[-74.20802,40.57052],[-74.20784,40.57261],[-74.20708,40.57427],[-74.20728,40.57525],[-74.20681,40.57592],[-74.20709,40.57631],[-74.20658,40.57665],[-74.20681,40.57718],[-74.20632,40.57754],[-74.20592,40.57862],[-74.20603,40.57976],[-74.20441,40.58017],[-74.20295,40.5801],[-74.1975,40.57886]]]},"properties":{"nta2020":"SI0391","ntaname":"Freshkills Park (South)","boroname":"Staten Island","ntatype":"9"}},{"type":"Feature","geometry":{"type":"Polygon","coordinates":[[[-74.05975,40.59385],[-74.06376,40.59893],[-74.06108,40.59982],[-74.06196,40.60124],[-74.06398,40.60214],[-74.06517,40.60421],[-74.05677,40.6079],[-74.05601,40.60678],[-74.05552,40.60648],[-74.05516,40.60673],[-74.05506,40.60627],[-74.05381,40.60591],[-74.05361,40.60524],[-74.05402,40.60493],[-74.05303,40.60147],[-74.05342,40.60052],[-74.05223,40.59978],[-74.05287,40.59987],[-74.05447,40.59876],[-74.05975,40.59385]]]},"properties":{"nta2020":"SI9561","ntaname":"Fort Wadsworth","boroname":"Staten Island","ntatype":"6"}},{"type":"Feature","geometry":{"type":"MultiPolygon","coordinates":[[[[-74.05107,40.56672],[-74.04932,40.56589],[-74.04924,40.56536],[-74.05003,40.56532],[-74.05091,40.56609],[-74.05068,40.56631],[-74.05107,40.56672]]],[[[-74.05314,40.5777],[-74.05406,40.57712],[-74.0549,40.57778],[-74.05485,40.57995],[-74.05369,40.58055],[-74.05293,40.5799],[-74.05314,40.5777]]]]},"properties":{"nta2020":"SI9591","ntaname":"Hoffman & Swinburne Islands","boroname":"Staten Island","ntatype":"9"}},{"type":"Feature","geometry":{"type":"Polygon","coordinates":[[[-74.08469,40.57148],[-74.08691,40.56899],[-74.08622,40.56853],[-74.08725,40.56908],[-74.0883,40.56833],[-74.08925,40.56702],[-74.08998,40.56738],[-74.09055,40.56708],[-74.09407,40.56273],[-74.10874,40.56992],[-74.10638,40.57222],[-74.10604,40.57206],[-74.10471,40.57401],[-74.09277,40.56794],[-74.08946,40.57168],[-74.0877,40.57306],[-74.08469,40.57148]]]},"properties":{"nta2020":"SI9592","ntaname":"Miller Field","boroname":"Staten Island","ntatype":"9"}},{"type":"Feature","geometry":{"type":"Polygon","coordinates":[[[-74.11338,40.54807],[-74.11474,40.548],[-74.11546,40.54752],[-74.11655,40.54787],[-74.11804,40.54731],[-74.11986,40.54543],[-74.12221,40.54506],[-74.12424,40.54311],[-74.13071,40.53454],[-74.13356,40.53151],[-74.13691,40.52928],[-74.13729,40.52974],[-74.13888,40.52996],[-74.13915,40.53152],[-74.14061,40.53413],[-74.14026,40.53544],[-74.13577,40.53523],[-74.13395,40.53557],[-74.13303,40.53624],[-74.13337,40.53636],[-74.13301,40.53626],[-74.1312,40.53787],[-74.13153,40.53772],[-74.13129,40.53796],[-74.13181,40.53831],[-74.13211,40.53805],[-74.1317,40.53786],[-74.13214,40.53803],[-74.13242,40.53777],[-74.13191,40.53753],[-74.13245,40.53776],[-74.13275,40.5375],[-74.13224,40.53726],[-74.1324,40.53712],[-74.13278,40.53748],[-74.13307,40.53723],[-74.13256,40.53699],[-74.13309,40.53721],[-74.13339,40.53696],[-74.13287,40.53672],[-74.13304,40.53657],[-74.13341,40.53694],[-74.13386,40.5366],[-74.12997,40.53997],[-74.13021,40.5397],[-74.12968,40.53947],[-74.13023,40.53968],[-74.13052,40.53943],[-74.13,40.53917],[-74.13054,40.53941],[-74.13084,40.53915],[-74.13032,40.5389],[-74.13049,40.53876],[-74.13086,40.53913],[-74.13115,40.53887],[-74.13065,40.53862],[-74.13117,40.53886],[-74.13147,40.5386],[-74.13098,40.53834],[-74.1315,40.53858],[-74.13179,40.53833],[-74.13116,40.5379],[-74.12813,40.54055],[-74.12739,40.5423],[-74.12767,40.54338],[-74.12793,40.54337],[-74.12763,40.54361],[-74.12799,40.54348],[-74.12838,40.54434],[-74.13011,40.54598],[-74.13309,40.54683],[-74.13586,40.54645],[-74.13711,40.54702],[-74.13865,40.54849],[-74.13042,40.55444],[-74.1273,40.5573],[-74.11946,40.55222],[-74.11656,40.54913],[-74.11494,40.54959],[-74.11338,40.54807]]]},"properties":{"nta2020":"SI9593","ntaname":"Great Kills Park","boroname":"Staten Island","ntatype":"9"}}]}